time_s,x,y,z,qw,qx,qy,qz,vx,vy,vz,wx,wy,wz,contact
4.000000000000000083e-03,-4.323777854442596436e-01,1.833937615156173706e-01,4.914275997638702376e-01,9.999999999841627796e-01,3.394632007692809455e-07,-2.969597474250829178e-07,-5.609907643310387758e-06,0.000000000000000000e+00,0.000000000000000000e+00,-8.569717407226634274e-04,1.697316003855364849e-04,-1.484798737133252668e-04,-2.804953821670001356e-03,0.000000000000000000e+00
5.200000000000000455e-02,-4.323778945127509932e-01,1.833936369013636769e-01,4.911314102588344443e-01,9.999999000910425595e-01,2.435858428039457395e-05,-2.131772919189672726e-05,-4.458364255399885193e-04,-7.044329710645493351e-06,-8.046683035031963581e-06,-1.048428810061833617e-02,1.550469617687926915e-03,-1.357526781672422495e-03,-2.986424660129248163e-02,0.000000000000000000e+00
1.000000000000000056e-01,-4.323790233179848896e-01,1.833923488954470049e-01,4.904033786016162022e-01,9.999989799416747482e-01,7.181640678147766118e-05,-6.290781958756686682e-05,-1.425131790217615138e-03,-4.328461435630985793e-05,-4.935866182060367504e-05,-1.896061575472170191e-02,2.282680754657884833e-03,-2.002549039967114856e-03,-4.928772914713297482e-02,0.000000000000000000e+00
1.479999999999999927e-01,-4.323829995420017669e-01,1.833878212533390784e-01,4.892965389685469124e-01,9.999960064319695086e-01,1.335207612678347222e-04,-1.170899048596644001e-04,-2.820564176135419415e-03,-1.239837696766782219e-04,-1.410443858374386050e-04,-2.637050512201359956e-02,2.799296142144379763e-03,-2.461887854006148194e-03,-6.534539117289302201e-02,0.000000000000000000e+00
1.960000000000000075e-01,-4.323922484493911145e-01,1.833773177779467189e-01,4.878599654060576385e-01,9.999894472021212399e-01,2.069645226453351516e-04,-1.817299267302884230e-04,-4.585806833535906527e-03,-2.600501194697575516e-04,-2.949665793836662281e-04,-3.279472209774768332e-02,3.281311890525830024e-03,-2.894062744702015095e-03,-8.048948877006062430e-02,0.000000000000000000e+00
2.439999999999999947e-01,-4.324096935961415644e-01,1.833575696754820294e-01,4.861389539213412658e-01,9.999773474420672326e-01,2.924448383984589415e-04,-2.571690574665828877e-04,-6.719593947403906462e-03,-4.617789676351994341e-04,-5.219718819475195528e-04,-3.831023571519196619e-02,3.805615721034224554e-03,-3.367610606004007440e-03,-9.620592731351819415e-02,0.000000000000000000e+00
2.919999999999999818e-01,-4.324387754083459101e-01,1.833247721192893809e-01,4.841752044844785385e-01,9.999570897252625379e-01,3.914888639820098535e-04,-3.448706169007241312e-04,-9.249135576357019745e-03,-7.405076923732233736e-04,-8.336701102188089118e-04,-4.299023113307068322e-02,4.407890014543065782e-03,-3.916006705113083027e-03,-1.134804945089200323e-01,0.000000000000000000e+00
3.400000000000000244e-01,-4.324835250268267983e-01,1.832745247871918337e-01,4.820070018466722783e-01,9.999250835586882546e-01,5.062518974465773274e-04,-4.469160230588578304e-04,-1.222175295262332984e-02,-1.109462596900853259e-03,-1.243222277186576416e-03,-4.690414369048786364e-02,5.108864533792813190e-03,-4.560702918352678437e-03,-1.330563920345444184e-01,0.000000000000000000e+00
3.880000000000000115e-01,-4.325486705198576809e-01,1.832017459669965931e-01,4.796693942367797892e-01,9.998763658577055624e-01,6.393163422976979064e-04,-5.658562201121889986e-04,-1.570108532999124618e-02,-1.584339011436404921e-03,-1.765747140866170311e-03,-5.011771135134929916e-02,5.925007893704121488e-03,-5.320775690246051966e-03,-1.555789709964894296e-01,0.000000000000000000e+00
4.359999999999999987e-01,-4.326397694633474789e-01,1.831005712932526897e-01,4.771943691069648885e-01,9.998040721763948868e-01,7.936507444483036945e-04,-7.047132513741745548e-04,-1.976589884692280669e-02,-2.183847352719345963e-03,-2.418589964515720832e-03,-5.269304355845846194e-02,6.872728627138843284e-03,-6.217099412625304820e-03,-1.816798444615997654e-01,0.000000000000000000e+00
4.839999999999999858e-01,-4.327633693321635278e-01,1.829642410730257795e-01,4.746110251811676006e-01,9.996987248784880986e-01,9.726290798728509830e-04,-8.670495203790238876e-04,-2.451044051269154686e-02,-2.930332088414187765e-03,-3.221540582730101753e-03,-5.468870496952518701e-02,7.969912039752429650e-03,-7.274408886064601468e-03,-2.120287880345467779e-01,0.000000000000000000e+00
5.320000000000000284e-01,-4.329272008480522516e-01,1.827849779737377722e-01,4.719457401227360460e-01,9.995472682222058536e-01,1.180068886507695206e-03,-1.057074176399960472e-03,-3.004577542905366785e-02,-3.850522959600284102e-03,-4.197019267553042839e-03,-5.615981295930481954e-02,9.236354421976575649e-03,-8.522671446451735716e-03,-2.473689055521197666e-01,0.000000000000000000e+00
5.799999999999999600e-01,-4.331404118230307021e-01,1.825538569207599271e-01,4.692223331798309749e-01,9.993317581123476456e-01,1.420269658182753136e-03,-1.279777718941879725e-03,-3.650181134096874835e-02,-4.976463459229246190e-03,-5.370214821130751826e-03,-5.715814821382594196e-02,1.069368410822452847e-02,-9.998372804966902325e-03,-2.885434612925439346e-01,0.000000000000000000e+00
6.280000000000000027e-01,-4.334138511532393268e-01,1.822606704212029194e-01,4.664622221867400498e-01,9.990275840876197133e-01,1.698040276383775077e-03,-1.541094794744696933e-03,-4.402985257875410841e-02,-6.346661185716263517e-03,-6.769135996804579759e-03,-5.773227824768149830e-02,1.236493654146003825e-02,-1.174598617237223447e-02,-3.365188495097791721e-01,0.000000000000000000e+00
6.760000000000000453e-01,-4.337604148801204040e-01,1.818937950019662575e-01,4.636845742923632607e-01,9.986010611042404062e-01,2.018704493193646584e-03,-1.848098552278111106e-03,-5.280558801295737181e-02,-8.007509738600584667e-03,-8.424513441190382632e-03,-5.792769426647861181e-02,1.427375301476746516e-02,-1.381976172685719234e-02,-3.924058900698708663e-01,0.000000000000000000e+00
7.239999999999999769e-01,-4.341954687773306731e-01,1.814400682325632286e-01,4.609064497493010615e-01,9.980061769420722761e-01,2.388069762805322422e-03,-2.209230612006876562e-03,-6.303242981496888497e-02,-1.001503772795811660e-02,-1.036945833535063075e-02,-5.778696248790263224e-02,1.644305783445825647e-02,-1.628592011589371016e-02,-4.574801569455224648e-01,0.000000000000000000e+00
7.720000000000000195e-01,-4.347373646840070882e-01,1.808846913722534644e-01,4.581429380233889570e-01,9.971802160726572772e-01,2.812337902503771626e-03,-2.634569368194402718e-03,-7.494508971943558695e-02,-1.243704329711265225e-02,-1.263874068150813192e-02,-5.734989182258274504e-02,1.889297275849110072e-02,-1.922530240422068090e-02,-5.332008491514490522e-01,0.000000000000000000e+00
8.200000000000000622e-01,-4.354080705081495584e-01,1.802111807552059519e-01,4.554072853704525525e-01,9.960379025245936768e-01,3.297925925723593429e-03,-3.136135388233493495e-03,-8.881320326293351552e-02,-1.535566684638295723e-02,-1.526748959373534081e-02,-5.665372065639048826e-02,2.163762100560888760e-02,-2.273648699593052575e-02,-6.212264407308907277e-01,0.000000000000000000e+00
8.679999999999999938e-01,-4.362339358410388113e-01,1.794014025814600621e-01,4.527110128748061957e-01,9.944636162165778615e-01,3.851151220782003930e-03,-3.728224497825146592e-03,-1.049446758907555260e-01,-1.887043131450050204e-02,-1.828903453717026228e-02,-5.573332624316947731e-02,2.468034199877273960e-02,-2.693930296481663808e-02,-7.234236847643947810e-01,0.000000000000000000e+00
9.160000000000000364e-01,-4.372466152413623242e-01,1.784357420455538468e-01,4.500640237626504225e-01,9.923011506473969900e-01,4.477716286447792210e-03,-4.427743870185796293e-03,-1.236882030143953565e-01,-2.310172308216462342e-02,-2.173149526166492235e-02,-5.462146062646788813e-02,2.800667989393706980e-02,-3.197851245685183474e-02,-8.418641642462237895e-01,0.000000000000000000e+00
9.639999999999999680e-01,-4.384841672772558652e-01,1.772934801092805601e-01,4.474746986236626256e-01,9.893404209598255505e-01,5.181904304343742246e-03,-5.254499562821613248e-03,-1.454340728892640766e-01,-2.819457216046838618e-02,-2.561258746297397429e-02,-5.334901648493874798e-02,3.157433833667255829e-02,-3.802714908105242486e-02,-9.787990921766525076e-01,0.000000000000000000e+00
1.012000000000000011e+00,-4.399923356107851014e-01,1.759534809826608093e-01,4.449499770660370057e-01,9.853005538114955053e-01,5.965369596398246640e-03,-6.231338901778011100e-03,-1.706118502327158559e-01,-3.432237857045437879e-02,-2.993194869315050563e-02,-5.194532376088346892e-02,3.529915839517454995e-02,-4.528850766193616428e-02,-1.136598024152629893e+00,0.000000000000000000e+00
1.060000000000000053e+00,-4.418259926922372682e-01,1.743953309164314180e-01,4.424954244356031907e-01,9.798089946766989078e-01,6.825382434282738740e-03,-7.383979356763365962e-03,-1.996828108629327692e-01,-4.168986574590673178e-02,-3.466013438427675841e-02,-5.043847150158144166e-02,3.903618851085276925e-02,-5.399498322553644009e-02,-1.317630153497437284e+00,0.000000000000000000e+00
1.108000000000000096e+00,-4.440506777378574466e-01,1.726011121609615506e-01,4.401152828091932645e-01,9.723768291193316538e-01,7.752380317627818700e-03,-8.740248249201009595e-03,-2.331240246130542593e-01,-5.053394818884803658e-02,-3.972336131683858879e-02,-4.885563597969181521e-02,4.255530353966834739e-02,-6.440075091710535660e-02,-1.524057803193451965e+00,0.000000000000000000e+00
1.155999999999999917e+00,-4.467440757211468827e-01,1.705580373428973728e-01,4.378125069675969927e-01,9.623717124154388403e-01,8.726717689174377443e-03,-1.032831138156951878e-02,-2.713998112102425919e-01,-6.112030726540127606e-02,-4.498324074254797522e-02,-4.722337149034554205e-02,4.551201073333700775e-02,-7.676363004805845935e-02,-1.757501405570557784e+00,0.000000000000000000e+00
1.203999999999999959e+00,-4.499971963195872338e-01,1.682621723297888228e-01,4.355905083823491397e-01,9.489922985755874230e-01,9.711450109128516930e-03,-1.216701930348213639e-02,-3.149147005496421015e-01,-7.374168820522103429e-02,-5.021503748077511819e-02,-4.523259637954588075e-02,4.577946260042586868e-02,-8.966222553221787905e-02,-2.018336379054168628e+00,0.000000000000000000e+00
1.252000000000000002e+00,-4.539234709735593953e-01,1.657202701023572367e-01,4.337792299455774936e-01,9.312864547527720527e-01,1.055750032168896978e-02,-1.406257806242972724e-02,-3.638630542926963307e-01,-8.907690698877573920e-02,-5.521634320242720800e-02,-2.777160225281413361e-02,3.594881019297534175e-02,-9.555261987327981488e-02,-2.297540831853321919e+00,0.000000000000000000e+00
1.300000000000000044e+00,-4.586645165674749780e-01,1.629540842637252629e-01,4.333998225230497603e-01,9.082028512455851965e-01,1.116481569264405997e-02,-1.588172950062710989e-02,-4.180797753395974481e-01,-1.074248077040409755e-01,-5.951041603184176881e-02,1.200025264572975384e-02,2.362571513224307612e-02,-1.019173009141931541e-01,-2.589540793026420928e+00,0.000000000000000000e+00
1.348000000000000087e+00,-4.643587262035438479e-01,1.600157842650613005e-01,4.353856292195648070e-01,8.785797469649003766e-01,1.147547301781176934e-02,-1.756042416885866819e-02,-4.771347537594788912e-01,-1.284749156243151502e-01,-6.238063648204859174e-02,6.795577812016663499e-02,8.463785782501426214e-03,-1.084215600524741363e-01,-2.890834664291326739e+00,0.000000000000000000e+00
1.396000000000000130e+00,-4.711160004975167293e-01,1.569931701347813957e-01,4.402272768007443604e-01,8.412101879379229041e-01,1.143361482009534226e-02,-1.900989922124841219e-02,-5.402530109987244700e-01,-1.513717020540122360e-01,-6.309110423068092777e-02,1.281460927388182458e-01,-9.611705253910717006e-03,-1.143854280406432916e-01,-3.194585966738419103e+00,0.000000000000000000e+00
1.443999999999999950e+00,-4.789886879605709802e-01,1.540047134247839733e-01,4.476770662037705684e-01,7.949655314921411087e-01,1.100168962787180342e-02,-2.011547565039182445e-02,-6.062211924735957380e-01,-1.746220776347592041e-01,-6.113087774389181633e-02,1.742231717171077721e-01,-3.016378827526756609e-02,-1.186756483256037054e-01,-3.490291146495168029e+00,0.000000000000000000e+00
1.491999999999999993e+00,-4.879424363865844660e-01,1.511802966693079897e-01,4.564376371967920898e-01,7.389764869314232598e-01,1.018490826121616448e-02,-2.074428993400351598e-02,-6.733347561513045587e-01,-1.961900032528849924e-01,-5.654605908253872160e-02,1.814158640538424128e-01,-5.178493122720388697e-02,-1.198199084286020039e-01,-3.763745375443585228e+00,0.000000000000000000e+00
1.540000000000000036e+00,-4.978673460547809460e-01,1.486387462927418190e-01,4.644679311883276318e-01,6.729511975719656425e-01,9.027220240587887148e-03,-2.194306047920249400e-02,-7.393062268627204059e-01,-2.156062068791032849e-01,-4.941286080012094462e-02,1.550325035415870412e-01,-1.307206427801291607e-02,-1.833039990789419871e-01,-3.978906823017580141e+00,0.000000000000000000e+00
1.588000000000000078e+00,-5.087076374273391544e-01,1.465353377508777366e-01,4.712519931419048014e-01,5.979506939024739065e-01,7.341445921681543849e-03,-2.418538951899950468e-02,-8.011342819822054873e-01,-2.343704828714813226e-01,-3.842284739874038402e-02,1.300853807010307894e-01,-4.048626892748082538e-03,-2.227800976426206891e-01,-4.088459425468300878e+00,0.000000000000000000e+00
1.636000000000000121e+00,-5.204177570753552029e-01,1.450771144130527934e-01,4.768954501768883358e-01,5.164092392070233073e-01,5.068204746290120612e-03,-2.652827786952708516e-02,-8.559159196063308439e-01,-2.517806901558286015e-01,-2.285970634558911682e-02,1.073042501594162756e-01,-1.404855719162597695e-02,-2.401101498793362377e-01,-4.071471413463727984e+00,0.000000000000000000e+00
1.683999999999999941e+00,-5.329018560204898947e-01,1.444844991978548598e-01,4.814986916296863373e-01,4.318332027370930803e-01,2.342076613763718895e-03,-2.841960976165941108e-02,-9.015025931587528074e-01,-2.666257478326782282e-01,-2.806749643792592896e-03,8.655103037712255643e-02,-3.242625112815328975e-02,-2.408829167867864163e-01,-3.918547152493043750e+00,0.000000000000000000e+00
1.731999999999999984e+00,-5.460139898655117507e-01,1.449738359562883216e-01,4.855013505601711299e-01,3.482269346493099826e-01,-6.953666814297453092e-04,-2.955163070101007178e-02,-9.369440856170851983e-01,-2.783325021524376552e-01,2.238201827354990847e-02,9.377416969633649291e-02,-5.917541778189971263e-02,-2.353788878542619756e-01,-3.650491022370965233e+00,0.000000000000000000e+00
1.780000000000000027e+00,-5.596062310373115523e-01,1.468858959496203709e-01,4.923700247401728292e-01,2.687667583021345341e-01,-4.028434338440518674e-03,-2.972976341855277163e-02,-9.627379407271849932e-01,-2.865037771228371999e-01,5.577408869342781461e-02,1.994914609967235186e-01,-8.883528096666203078e-02,-2.257448746974872189e-01,-3.320419929148096028e+00,0.000000000000000000e+00
1.828000000000000069e+00,-5.734364691809036296e-01,1.505742264090599858e-01,5.065964397569936439e-01,1.958456604897976516e-01,-7.500791698336555825e-03,-2.895715782603501195e-02,-9.801784013136853879e-01,-2.883666006204446131e-01,9.535393760938644381e-02,3.891693169656771367e-01,-1.156495325768994581e-01,-2.124068975710198259e-01,-2.942277707231209405e+00,0.000000000000000000e+00
1.876000000000000112e+00,-5.871507372419287885e-01,1.562433930823580175e-01,5.314845496004622083e-01,1.312665580599132187e-01,-1.098902104090574219e-02,-2.731743511049022216e-02,-9.909097284266875638e-01,-2.821845801246035679e-01,1.374280585962304735e-01,6.338843050786860944e-01,-1.388143125786344134e-01,-1.971247839709047711e-01,-2.532642597291025588e+00,0.000000000000000000e+00
1.923999999999999932e+00,-6.003511341744047769e-01,1.639123218909082913e-01,5.689233185220066158e-01,7.615923916314398801e-02,-1.437125536597359809e-02,-2.487271958874546704e-02,-9.966817872970079595e-01,-2.676973023692307829e-01,1.782710963207691512e-01,9.069413162009832829e-01,-1.627393286147334472e-01,-1.765757796529552337e-01,-2.106812728129207279e+00,0.000000000000000000e+00
1.971999999999999975e+00,-6.126597045699916366e-01,1.734406450453837290e-01,6.197616509815616626e-01,3.111798892086493559e-02,-1.740993690415196249e-02,-2.153292928251059057e-02,-9.991320722602342608e-01,-2.459409804878080474e-01,2.146898201436804599e-01,1.186448999119055880e+00,-1.907768981625236615e-01,-1.478036595700214229e-01,-1.677332726136395058e+00,0.000000000000000000e+00
2.020000000000000018e+00,-6.237864704558804263e-01,1.845333139441537318e-01,6.835012231663145643e-01,-3.828214274177244632e-03,-1.993940882965132555e-02,-1.729627402705962921e-02,-9.996442385447817935e-01,-2.193254699035969979e-01,2.436809954985732773e-01,1.441797559881562885e+00,-2.173575143406252241e-01,-1.175826793498694622e-01,-1.261733715719856042e+00,0.000000000000000000e+00
2.068000000000000060e+00,-6.335729081903394011e-01,1.967864946080835065e-01,7.582979713397354216e-01,-2.914778532377240022e-02,-2.193073928138499287e-02,-1.227338201742030240e-02,-9.992591322470596449e-01,-1.907292018782831555e-01,2.636623065873788807e-01,1.647628194771070698e+00,-2.391105742250728416e-01,-9.110360294103216072e-02,-8.745261096798067069e-01,0.000000000000000000e+00
2.116000000000000103e+00,-6.419932371212956346e-01,2.097599156246438834e-01,8.412607648167148566e-01,-4.566220086239539122e-02,-2.346008342706676700e-02,-6.627902014715371035e-03,-9.986594308436093081e-01,-1.627277706707794813e-01,2.745458231531150428e-01,1.785193474636409094e+00,-2.543403494877277127e-01,-7.168146918873509466e-02,-5.264172972208220891e-01,0.000000000000000000e+00
2.164000000000000146e+00,-6.491273143867941631e-01,2.230417508609952304e-01,9.287713974299495190e-01,-5.441542045053764098e-02,-2.466915541165159986e-02,-5.406731239465587240e-04,-9.982134553596446747e-01,-1.371693346262979618e-01,2.774387363122831074e-01,1.842324944613730420e+00,-2.625663901357049301e-01,-6.080958770808424230e-02,-2.243366155747408830e-01,0.000000000000000000e+00
2.212000000000000188e+00,-6.551226836813228704e-01,2.362949349777679897e-01,1.016784293746660905e+00,-5.656919890767785758e-02,-2.572612214995107643e-02,5.811599184100771712e-03,-9.980502580977542726e-01,-1.151047512206700985e-01,2.742120438906203717e-01,1.812747241662376663e+00,-2.642048363358631691e-01,-5.840473630726977783e-02,2.815961679447786040e-02,0.000000000000000000e+00
2.260000000000000231e+00,-6.601416434342405326e-01,2.492764998549122368e-01,1.101473223291775883e+00,-5.341042496011998153e-02,-2.589818790877859711e-02,1.130170216427845223e-02,-9.981727715665321687e-01,-9.578380305446279608e-02,2.666738549174370032e-01,1.720566904873163772e+00,-1.766998701664303506e-01,2.491707150943022267e-02,2.173295874346239387e-01,0.000000000000000000e+00
2.307999999999999829e+00,-6.642558681539886267e-01,2.618086980038289990e-01,1.181552039695354051e+00,-4.676213180809592890e-02,-2.416404845146610109e-02,1.469941560853298829e-02,-9.985055477922827327e-01,-7.739424088343767327e-02,2.559945938530923670e-01,1.624097173033599795e+00,-1.116098248727086656e-01,8.573939602237339030e-02,3.251995929945481478e-01,0.000000000000000000e+00
2.355999999999999872e+00,-6.675285308142607787e-01,2.737751412883422386e-01,1.257001857488056595e+00,-3.836325295157629045e-02,-2.148742043242420768e-02,1.698094404548452369e-02,-9.988884818264042176e-01,-6.068371581800303255e-02,2.434071712547732358e-01,1.527691818980622118e+00,-7.738511141049873865e-02,1.121700598615022887e-01,3.705947147507679396e-01,0.000000000000000000e+00
2.403999999999999915e+00,-6.700526393958131655e-01,2.851028890314876718e-01,1.327826258127684733e+00,-2.946863621898398317e-02,-1.845442856219876512e-02,1.863233112217572290e-02,-9.992216319629948496e-01,-4.606792496231199713e-02,2.295631285952037526e-01,1.431364701198140965e+00,-5.639751360391566382e-02,1.201129912948966788e-01,3.721329967529901639e-01,0.000000000000000000e+00
2.451999999999999957e+00,-6.719324778707785883e-01,2.957417348117641898e-01,1.394028788549841469e+00,-2.092475302486067334e-02,-1.539052525429149276e-02,1.984379380920317168e-02,-9.994656123601775022e-01,-3.365670957582846817e-02,2.148251991237742631e-01,1.335105340560566844e+00,-4.021716604347111423e-02,1.181034673706328891e-01,3.451746667140169755e-01,0.000000000000000000e+00
2.500000000000000000e+00,-6.732728605037682224e-01,3.056556895245552963e-01,1.455612190394830918e+00,-1.325174748142722916e-02,-1.247466104811310351e-02,2.067548364495705102e-02,-9.996205772174114879e-01,-2.339316092921642221e-02,1.994516321806326653e-01,1.238893443523824800e+00,-2.534101142197912881e-02,1.107780609710846825e-01,3.018141219204037440e-01,0.000000000000000000e+00
2.548000000000000043e+00,-6.741733481521644533e-01,3.148203348176153993e-01,1.512578189022431685e+00,-6.719862732472511521e-03,-9.801869197245138138e-03,2.114159468740920561e-02,-9.997058566294241277e-01,-1.513227830330773384e-02,1.836759543935052585e-01,1.142708125785249385e+00,-1.072772620783363218e-02,1.006943795529657015e-01,2.511179281302491906e-01,0.000000000000000000e+00
2.596000000000000085e+00,-6.747252819290837644e-01,3.232224543894995916e-01,1.564927605004550415e+00,-1.417394735310646778e-03,-7.418273078154157159e-03,2.124932205908058869e-02,-9.997456809252701637e-01,-8.685643580459753016e-03,1.677328814730067452e-01,1.046532727385245609e+00,3.561215098954820420e-03,8.930477043689069583e-02,1.995054285722953347e-01,0.000000000000000000e+00
2.644000000000000128e+00,-6.750104111199922707e-01,3.308601757497461882e-01,1.612660612873523469e+00,2.691623649773247119e-03,-5.340833978102445950e-03,2.101413703030031305e-02,-9.997612898584437024e-01,-3.846600101515121328e-03,1.518592174762271596e-01,9.503565978450217999e-01,1.707290968549932467e-02,7.747586565741169939e-02,1.511953628827647222e-01,0.000000000000000000e+00
2.692000000000000171e+00,-6.751004190807615712e-01,3.377428643940213471e-01,1.655777032407528493e+00,5.720679850711204821e-03,-3.568610206644708561e-03,2.046343977124207361e-02,-9.997678662949552875e-01,-4.044764691741459532e-04,1.362852220465159137e-01,8.541749892478083250e-01,2.930908317403711077e-02,6.575898747815725476e-02,1.086626947318651837e-01,0.000000000000000000e+00
2.740000000000000213e+00,-6.750569629574684205e-01,3.438905364969266909e-01,1.694276585143546177e+00,7.824679613225235530e-03,-2.089361029488797337e-03,1.963507718801885821e-02,-9.997744109064102824e-01,1.847116701798180759e-03,1.212241767286566102e-01,7.579879220407937934e-01,3.987388429092729447e-02,5.452536781138499211e-02,7.306751615827096480e-02,0.000000000000000000e+00
2.788000000000000256e+00,-6.749320225050715605e-01,3.493328053637390629e-01,1.728159083887353509e+00,9.173492115042952699e-03,-8.836418004839650345e-04,1.857404532271330136e-02,-9.997850124201370647e-01,3.105115588653359435e-03,1.068635928149236775e-01,6.617986456880300405e-01,4.851931967686593655e-02,4.403114169101746134e-02,4.463288173197394598e-02,0.000000000000000000e+00
2.835999999999999854e+00,-6.747684491717630406e-01,3.541074775024733445e-01,1.757424547232666390e+00,9.933751128803748262e-03,7.245577129136088115e-05,1.732896277842404034e-02,-9.998004912919858933e-01,3.553531738331258509e-03,9.335924838333338471e-02,5.656121053454875591e-01,5.514177806243156232e-02,3.444854863026258762e-02,2.296041001232441633e-02,0.000000000000000000e+00
2.883999999999999897e+00,-6.746006527975541012e-01,3.582589390744551072e-01,1.782073246160384761e+00,1.025737178457200929e-02,8.053324557459293513e-04,1.594899053254909826e-02,-9.998198675084932763e-01,3.361036452689634448e-03,8.083213440151927609e-02,4.694336519751377557e-01,5.975837857302865319e-02,2.588267280463902101e-02,7.281325237337854181e-03,0.000000000000000000e+00
2.931999999999999940e+00,-6.744553828464883161e-01,3.618364629588842196e-01,1.802105697580000943e+00,1.027527047445911737e-02,1.342398741016082985e-03,1.448141719442858771e-02,-9.998414400985476957e-01,2.679346629269327169e-03,6.936790526707456439e-02,3.732681010918336706e-01,6.247780549065967692e-02,1.838301150860686961e-02,-3.353467608146014182e-03,0.000000000000000000e+00
2.979999999999999982e+00,-6.743525685681530657e-01,3.648925422110022021e-01,1.817522622190105075e+00,1.009491413333525600e-02,1.710948587225959378e-03,1.296991606942921038e-02,-9.998634639993225770e-01,1.642314018295858288e-03,5.901826985227177913e-02,2.771191537612178735e-01,6.347248953072150146e-02,1.195362339364099656e-02,-9.937181332413200924e-03,0.000000000000000000e+00
3.028000000000000025e+00,-6.743061859366282773e-01,3.674813282201362385e-01,1.828324883101798193e+00,9.800521844919722267e-03,1.937321178509011921e-03,1.145339351895552360e-02,-9.998845014976072143e-01,3.656562764520834038e-04,4.980375954244924130e-02,1.809891373155009808e-01,6.295483640369314848e-02,6.562864286052563431e-03,-1.341606659926621557e-02,0.000000000000000000e+00
3.076000000000000068e+00,-6.743252317437872234e-01,3.696566273350340159e-01,1.834542002573155139e+00,9.454962126401825553e-03,2.045874661060357973e-03,9.964407822500052220e-03,-9.999035596820357030e-01,-1.061615356421043198e-03,4.166955643358581651e-02,8.719048203189738722e-02,6.129849658722236194e-02,2.084705314188195924e-03,-1.463428225159726058e-02,0.000000000000000000e+00
3.124000000000000110e+00,-6.744156239255094665e-01,3.714655574849161646e-01,1.836508155300275114e+00,9.102609512049386620e-03,2.055783001449858292e-03,8.523204546450540570e-03,-9.999201324308761851e-01,-2.587962223048076178e-03,3.445745130972628634e-02,3.390419124229617463e-03,5.893392017307060027e-02,-1.661889001821714815e-03,-1.430631035926942414e-02,0.000000000000000000e+00
3.172000000000000153e+00,-6.745802727060900006e-01,3.729527417031733849e-01,1.834704355057597214e+00,8.772536571707647418e-03,1.985878251461101023e-03,7.148985210967286237e-03,-9.999339932716165835e-01,-4.141841258147813294e-03,2.818856392692789883e-02,-7.087546870647021269e-02,5.571578206730903177e-02,-4.592416357820413263e-03,-1.300926175470010736e-02,0.000000000000000000e+00
3.220000000000000195e+00,-6.748188000255856966e-01,3.741637463547728970e-01,1.829559576729330672e+00,8.481756744471387333e-03,1.855665672800265635e-03,5.861927038039035746e-03,-9.999451255538172045e-01,-5.659763009036635970e-03,2.286932824654054619e-02,-1.366899815349697511e-01,5.170836101102219140e-02,-6.722390206262050805e-03,-1.118772458481113487e-02,0.000000000000000000e+00
3.268000000000000238e+00,-6.751281124158955427e-01,3.751436620142614142e-01,1.821454044824855956e+00,8.238243177238355197e-03,1.683286009866377013e-03,4.678885775083422606e-03,-9.999537018909750996e-01,-7.091162610748814182e-03,1.847660065207048369e-02,-1.950140984088391261e-01,4.709536699063108373e-02,-8.131602772212368629e-03,-9.167267798256188358e-03,0.000000000000000000e+00
3.316000000000000281e+00,-6.755030329753691776e-01,3.759358035658772468e-01,1.810724725231307897e+00,8.043551616257990297e-03,1.484563428775637333e-03,3.611709576038667994e-03,-9.999600256524061592e-01,-8.398625951220633351e-03,1.496252167418925770e-02,-2.467004056507186016e-01,4.209631426561538659e-02,-8.926491448814782154e-03,-7.172228225243896561e-03,0.000000000000000000e+00
3.363999999999999879e+00,-6.759369128489925993e-01,3.765806744124737260e-01,1.797670212560315450e+00,7.894992122657890771e-03,1.272689704487471856e-03,2.666990034315319408e-03,-9.999644676309534796e-01,-9.557005353973999778e-03,1.226037040744896479e-02,-2.925050211316447268e-01,3.692368042347424911e-02,-9.219348297750246807e-03,-5.344853093542152427e-03,0.000000000000000000e+00
3.411999999999999922e+00,-6.764221831407247754e-01,3.771152152736415575e-01,1.782555079127893460e+00,7.787347009325495256e-03,1.058251417147080186e-03,1.846522956372199280e-03,-9.999674133107867569e-01,-1.055194042363757044e-02,1.029044717883006652e-02,-3.330982399917687409e-01,3.176284454787916406e-02,-9.117333198296165980e-03,-3.763844225163283114e-03,0.000000000000000000e+00
3.459999999999999964e+00,-6.769508281176171982e-01,3.775723236676779559e-01,1.765613742485896198e+00,7.714167086044227371e-03,8.494308869145259563e-04,1.148075490204544628e-03,-9.999692255344687641e-01,-1.137812353028595617e-02,8.965449613730136491e-03,-3.690740652718978443e-01,2.676453340075119272e-02,-8.717142259194642084e-03,-2.461101257062127921e-03,0.000000000000000000e+00
3.508000000000000007e+00,-6.775147734554084478e-01,3.779806121370337668e-01,1.747053901724021197e+00,7.668698584229589887e-03,6.522844733677147545e-04,5.662407001948084649e-04,-9.999702220358662741e-01,-1.203752529057582586e-02,8.195081627727524368e-03,-4.009587456313513654e-01,2.204394159573594761e-02,-8.102883412194474694e-03,-1.436032200975773847e-03,0.000000000000000000e+00
3.556000000000000050e+00,-6.781061912576489270e-01,3.783643655233149827e-01,1.727059587612415514e+00,7.644502370693855020e-03,4.710445842384747089e-04,9.326522106264297234e-05,-9.999706650707824718e-01,-1.253770983589390028e-02,7.889804647758714984e-03,-4.292184168057257554e-01,1.768323172642949012e-02,-7.345721416545311633e-03,-6.672127201548441050e-04,0.000000000000000000e+00
3.604000000000000092e+00,-6.787177282184322369e-01,3.787436560863960966e-01,1.705793867436226297e+00,7.635828385008093001e-03,3.084165323884193160e-04,-2.802055338165434909e-04,-9.999707598169942369e-01,-1.289031200958385380e-02,7.963741280751078511e-03,-4.542659285435036165e-01,1.373557095330059374e-02,-6.504456897378866134e-03,-1.214564086769272710e-04,0.000000000000000000e+00
3.652000000000000135e+00,-6.793426657116063971e-01,3.791345773590653057e-01,1.683401241690231975e+00,7.637804326636634181e-03,1.658555572433059592e-04,-5.644873636224650559e-04,-9.999706584650467356e-01,-1.310971075223939242e-02,8.336798060798822005e-03,-4.764669302322592226e-01,1.022968679065912496e-02,-5.626561890528366736e-03,2.394665732415304164e-04,0.000000000000000000e+00
3.700000000000000178e+00,-6.799750215600328662e-01,3.795495616464397703e-01,1.660009766430432965e+00,7.646490625652061987e-03,4.381727949270525604e-05,-7.703272979571061576e-04,-9.999704674924220216e-01,-1.321190873344453044e-02,8.936102047729668763e-03,-4.961452832708804217e-01,7.174394206465328945e-03,-4.749404701264533027e-03,4.541311304305650906e-04,0.000000000000000000e+00
3.748000000000000220e+00,-6.806096033033275372e-01,3.799977509562592060e-01,1.635732931912308175e+00,7.658845283397709876e-03,-5.802077885041392164e-05,-9.084789760454468292e-04,-9.999702562518870685e-01,-1.321361336141515727e-02,9.696856578992529493e-03,-5.135878645337954573e-01,4.562812026320718466e-03,-3.901518439331164850e-03,5.584127725964376648e-04,0.000000000000000000e+00
3.796000000000000263e+00,-6.812420223013891940e-01,3.804853962288486380e-01,1.610671325144358290e+00,7.672633429329162383e-03,-1.405666386278939847e-04,-9.893740100899827816e-04,-9.999700655901394564e-01,-1.313150554155638645e-02,1.056272132661508802e-02,-5.290488219053895991e-01,2.376136701875072865e-03,-3.103836296834408190e-03,5.837362031209576176e-04,0.000000000000000000e+00
3.843999999999999861e+00,-6.818686772211806080e-01,3.810162646357110883e-01,1.584914101149763610e+00,7.686308177897283912e-03,-2.051490776466965375e-04,-1.022877942723368714e-03,-9.999699156980499382e-01,-1.298167782773182455e-02,1.148581546077484007e-02,-5.427533393079883028e-01,5.869257239532999458e-04,-2.370854483332137698e-03,5.562871071003382909e-04,0.000000000000000000e+00
3.891999999999999904e+00,-6.824867145096876753e-01,3.815920392156000873e-01,1.558540285072905318e+00,7.698882043208737577e-03,-2.533787954567900762e-04,-1.018118907604710285e-03,-9.999698127685460181e-01,-1.277922148471050644e-02,1.242643304673672795e-02,-5.549009647351065277e-01,-8.381102890301093998e-04,-1.711704060206113839e-03,4.969022820296506307e-04,0.000000000000000000e+00
3.939999999999999947e+00,-6.830939724555711301e-01,3.822126991078841907e-01,1.531619924807994693e+00,7.709802001990216994e-03,-2.870334020371321702e-04,-9.833774345756136816e-04,-9.999697543094677732e-01,-1.253794151367147898e-02,1.335254863332474388e-02,-5.656685505663282543e-01,-1.935782431876529588e-03,-1.131123650814021969e-03,4.214037805050811292e-04,0.000000000000000000e+00
3.987999999999999989e+00,-6.836889144482919400e-01,3.828768720853905072e-01,1.504215111576491015e+00,7.718836341355088913e-03,-3.079639663999780190e-04,-9.260266165370219975e-04,-9.999697331411765422e-01,-1.227017927016064991e-02,1.423917947897060388e-02,-5.752128510105585235e-01,-2.744527795428140099e-03,-6.303307112532440361e-04,3.411929579452113097e-04,0.000000000000000000e+00
4.036000000000000476e+00,-6.842705560955154587e-01,3.835821539860019835e-01,1.476380883843629199e+00,7.725977629183070419e-03,-3.180208207140236727e-04,-8.525128489157032894e-04,-9.999697402193092888e-01,-1.198672352557278095e-02,1.506765971163169515e-02,-5.836728170581994002e-01,-3.302899711502244040e-03,-2.077922471014977026e-04,2.639665244903829011e-04,0.000000000000000000e+00
4.084000000000000519e+00,-6.848383899810083220e-01,3.843253920231765597e-01,1.448166028140062789e+00,7.731363376353976406e-03,-3.189963366560465662e-04,-7.683684330271051263e-04,-9.999697664787822182e-01,-1.169679242631805477e-02,1.582487134638882117e-02,-5.911716249673923951e-01,-3.648398629527633327e-03,1.401021397492674370e-04,1.944568151096961258e-04,0.000000000000000000e+00
4.131999999999999673e+00,-6.853923110495214743e-01,3.851029308639976612e-01,1.419613788733801396e+00,7.735214062844754379e-03,-3.125824561475370024e-04,-6.782484249897128030e-04,-9.999698039114397474e-01,-1.140807061316892641e-02,1.650246771321219399e-02,-5.978184701826195768e-01,-3.816598877243113259e-03,4.184605724886525141e-04,1.351316511213116302e-04,0.000000000000000000e+00
4.179999999999999716e+00,-6.859325448988049523e-01,3.859108218503782273e-01,1.390762496667098169e+00,7.737787005673874875e-03,-3.003408588182657581e-04,-5.859851671378487215e-04,-9.999698460798738253e-01,-1.112678765561971560e-02,1.709611657586156824e-02,-6.037101547673852098e-01,-3.840528569027310251e-03,6.333971931684420241e-04,8.681534580702762705e-05,0.000000000000000000e+00
4.227999999999999758e+00,-6.864595806436428749e-01,3.867449968581089248e-01,1.361646127416421770e+00,7.739343894577246571e-03,-2.836837764257893447e-04,-4.946549331147777990e-04,-9.999698882446872439e-01,-1.085782584694420551e-02,1.760478306822221839e-02,-6.089324929734452052e-01,-3.750262760804025548e-03,7.916221779448274565e-04,4.921212249012185523e-05,0.000000000000000000e+00
4.275999999999999801e+00,-6.869741094908629053e-01,3.876014090924228550e-01,1.332294795333465176e+00,7.740129566525813347e-03,-2.638636135738752788e-04,-4.066520365352072823e-04,-9.999699272500182090e-01,-1.060484723400803055e-02,1.803006650138010841e-02,-6.135615564845028347e-01,-3.572693236498061201e-03,9.001065914741762956e-04,2.132728758813518159e-05,0.000000000000000000e+00
4.323999999999999844e+00,-6.874769697235196819e-01,3.884761436579137750e-01,1.302735192063359637e+00,7.740359609844162624e-03,-2.419696979998617401e-04,-3.237665889892231874e-04,-9.999699612783227165e-01,-1.037043147863936886e-02,1.837560003586330426e-02,-6.176647781570870910e-01,-3.331441810033027289e-03,9.658147916944155977e-04,1.790889450572427547e-06,0.000000000000000000e+00
4.371999999999999886e+00,-6.879690984309482227e-01,3.893655010614679446e-01,1.272990975295622995e+00,7.740214583106318907e-03,-2.189306562181891284e-04,-2.472628434981459966e-04,-9.999699895540167249e-01,-1.015621773513450225e-02,1.864651808244430220e-02,-6.213019307141482983e-01,-3.046887583084678056e-03,9.954969101627945353e-04,-1.090573538608789563e-05,0.000000000000000000e+00
4.419999999999999929e+00,-6.884514900321827557e-01,3.902660569514341815e-01,1.243083113468026468e+00,7.739838925982344374e-03,-1.955210856823887697e-04,-1.779557246017864362e-04,-9.999700120486935129e-01,-9.963045162989226516e-03,1.884899299604827008e-02,-6.245259947967477521e-01,-2.736282107401166556e-03,9.955339512824870792e-04,-1.824727074355933656e-05,0.000000000000000000e+00
4.467999999999999972e+00,-6.889251614156717274e-01,3.911747014019388291e-01,1.213030191399124158e+00,7.739342971859847556e-03,-1.723713678793833894e-04,-1.162837283373093796e-04,-9.999700292191606721e-01,-9.791087965904134854e-03,1.898984006200840624e-02,-6.273839290102163346e-01,-2.413929789534854584e-03,9.718282496140068661e-04,-2.159149269263151900e-05,0.000000000000000000e+00
4.516000000000000014e+00,-6.893911233504356195e-01,3.920886609507197029e-01,1.182848681259191403e+00,7.738806805746856372e-03,-1.499796338179020070e-04,-6.237687811411576390e-05,-9.999700417934813679e-01,-9.639981955441124378e-03,1.907618784489207783e-02,-6.299173530765644902e-01,-2.091414095324014080e-03,9.297323654024178046e-04,-2.211254095477119274e-05,0.000000000000000000e+00
4.564000000000000057e+00,-6.898503577049626134e-01,3.930055064202188086e-01,1.152553182790910569e+00,7.738285020154804170e-03,-1.287250510753247946e-04,-1.611885049087205825e-05,-9.999700506090118957e-01,-9.508940584002577648e-03,1.911520958439161255e-02,-6.321631538894794122e-01,-1.777853127001626692e-03,8.740099498382454101e-04,-2.077818778628422012e-05,0.000000000000000000e+00
4.612000000000000099e+00,-6.903037999326949725e-01,3.939231493187129174e-01,1.122156636251173678e+00,7.737811691818489469e-03,-1.088817476740985130e-04,2.279725664594627768e-05,-9.999700564993292407e-01,-9.396859184910587304e-03,1.911391039343543832e-02,-6.341540231299739316e-01,-1.480170934361122381e-03,8.088226401826880589e-04,-1.835069707642170329e-05,0.000000000000000000e+00
4.660000000000000142e+00,-6.907523262398288511e-01,3.948398293507961454e-01,1.091670511156024537e+00,7.737405126832611404e-03,-9.063282111129791492e-05,5.481974637263096811e-05,-9.999700602229995017e-01,-9.302406808139852823e-03,1.907896446102229013e-02,-6.359189341115604188e-01,-1.203373469078542922e-03,7.377376209118446460e-04,-1.540280391935516734e-05,0.000000000000000000e+00
4.708000000000000185e+00,-6.911967448358468102e-01,3.957540952807211965e-01,1.061104973565589304e+00,7.737072100382008481e-03,-7.408400007298488951e-05,8.049573172230402600e-05,-9.999700624255262182e-01,-9.224105561510939980e-03,1.901659621433440805e-02,-6.374835646599714689e-01,-9.508203916292962739e-04,6.637510851820646032e-04,-1.234222818051208935e-05,0.000000000000000000e+00
4.756000000000000227e+00,-6.916377875600432379e-01,3.966647761708368414e-01,1.030484532664493580e+00,7.736811527694309812e-03,-5.996361581204080055e-05,1.017869843303813955e-04,-9.999700634474811833e-01,-9.160148857780804621e-03,1.893208239919374689e-02,-6.378022914444564373e-01,-9.048031280110340954e-04,4.994167303429499936e-04,-9.425911265913926030e-06,0.000000000000000000e+00
4.804000000000000270e+00,-6.920760498484910261e-01,3.975708421412475491e-01,9.999377292282778384e-01,7.736617999252524795e-03,-5.250230289151687393e-05,1.276618788581655197e-04,-9.999700623958133194e-01,-9.106398728020619407e-03,1.882543227943800010e-02,-6.346926046367342700e-01,-1.257070700514689981e-03,1.505808968215474836e-04,-6.786170879845284099e-06,0.000000000000000000e+00
4.852000000000000313e+00,-6.925118336491020710e-01,3.984710551335894357e-01,9.696225526456024868e-01,7.736483890545636094e-03,-5.434182011272154888e-05,1.639953288108546607e-04,-9.999700580364943026e-01,-9.055203249214525268e-03,1.868901416290856196e-02,-6.284765389830431204e-01,-1.737188422441430331e-03,-2.475233741019508419e-04,-4.504497833938967259e-06,0.000000000000000000e+00
4.900000000000000355e+00,-6.929450258909829463e-01,3.993637077349702080e-01,9.396779337333764914e-01,7.736400440292168224e-03,-6.557201267104866027e-05,2.116600427570882511e-04,-9.999700490557527077e-01,-8.997449777174220190e-03,1.851195417924706571e-02,-6.195409013542387822e-01,-2.192025273014819309e-03,-6.181859567548398954e-04,-2.607372046173139719e-06,0.000000000000000000e+00
4.948000000000000398e+00,-6.933750817153457868e-01,4.002465691021925842e-01,9.102249991950810415e-01,7.736358634014762169e-03,-8.498228342703407405e-05,2.689831139389438201e-04,-9.999700341416145610e-01,-8.924447176295804626e-03,1.828370776681856325e-02,-6.082433754110742052e-01,-2.547873578560770017e-03,-9.244762665438741337e-04,-1.086608412294694327e-06,0.000000000000000000e+00
4.996000000000000441e+00,-6.938010726311895082e-01,4.011169531218600759e-01,8.813684340920568960e-01,7.736349803257849995e-03,-1.107889208618701799e-04,3.331666134925024333e-04,-9.999700123591428458e-01,-8.828891544126591176e-03,1.799586716634354530e-02,-5.949138847097097393e-01,-2.776285738674112193e-03,-1.152269096809556284e-03,8.544560149882129407e-08,0.000000000000000000e+00
5.044000000000000483e+00,-6.942217654729611054e-01,4.019718438037068742e-01,8.531977789815694546e-01,7.736365980195569932e-03,-1.410480618841881040e-04,4.010884741829934003e-04,-9.999699834869546500e-01,-8.705278103927106825e-03,1.764291897585425900e-02,-5.798559508120700867e-01,-2.873991442682858471e-03,-1.300234894015944546e-03,9.458381408047897008e-07,0.000000000000000000e+00
5.092000000000000526e+00,-6.946357120031996235e-01,4.028080399107394349e-01,8.257886621614186629e-01,7.736400073233915507e-03,-1.738832794159846551e-04,4.697393101194155497e-04,-9.999699481601891371e-01,-8.549989134199494425e-03,1.722239499266840432e-02,-5.633480390585039466e-01,-2.851110039766450565e-03,-1.373937921311817623e-03,1.534811031949198883e-06,0.000000000000000000e+00
5.139999999999999680e+00,-6.950413375294587359e-01,4.036222972249946528e-01,7.992039677634209527e-01,7.736445926337918479e-03,-2.076039612168365108e-04,5.364459061782367007e-04,-9.999699078126361718e-01,-8.361198162268943315e-03,1.673468515588662914e-02,-5.456448864289601408e-01,-2.724258299328175762e-03,-1.382363040898203395e-03,1.892328867122389138e-06,0.000000000000000000e+00
5.187999999999999723e+00,-6.954370221106506156e-01,4.044114567882759470e-01,7.734949406772354541e-01,7.736498311042928899e-03,-2.407595694150762374e-04,5.989704172630747796e-04,-9.999698644775003586e-01,-8.138676098368036876e-03,1.618267547178164900e-02,-5.269788069266356789e-01,-2.512552835813329933e-03,-1.335882322910352795e-03,2.056387422180926898e-06,0.000000000000000000e+00
5.235999999999999766e+00,-6.958211711088344575e-01,4.051725534710635679e-01,7.487022294882125228e-01,7.736552884405280620e-03,-2.721565534104772354e-04,6.555379805386909141e-04,-9.999698205197162793e-01,-7.883551638423408683e-03,1.557130924200682276e-02,-5.075609705313693931e-01,-2.235327686872902366e-03,-1.245078042362528356e-03,2.062366644318177405e-06,0.000000000000000000e+00
5.283999999999999808e+00,-6.961922737817159978e-01,4.059029028379754767e-01,7.248568687907356312e-01,7.736606132614722194e-03,-3.008538672610701022e-04,7.048239985592998471e-04,-9.999697783611414259e-01,-7.598057749174132527e-03,1.490713037977137861e-02,-4.875826522144533492e-01,-1.910870102732735573e-03,-1.120076876230321605e-03,1.942906388019218700e-06,0.000000000000000000e+00
5.331999999999999851e+00,-6.965489497836522270e-01,4.066001664204131893e-01,7.019812023967012538e-01,7.736655310034573803e-03,-3.261466296627901469e-04,7.459196625375078731e-04,-9.999697402405968161e-01,-7.285283330070121445e-03,1.419784325123868603e-02,-4.672164478966526757e-01,-1.555761564824028383e-03,-9.701903584471942418e-04,1.727969618044167817e-06,0.000000000000000000e+00
5.379999999999999893e+00,-6.968899841379767590e-01,4.072623967393390609e-01,6.800897490984875171e-01,7.736698377065765082e-03,-3.475436491083872285e-04,7.782867532734491457e-04,-9.999697080318805664e-01,-6.948941188833387440e-03,1.345190839138269041e-02,-4.466174546154574876e-01,-1.184578436852957387e-03,-8.037393682183089630e-04,1.444906559217624890e-06,0.000000000000000000e+00
5.427999999999999936e+00,-6.972143516383195738e-01,4.078880640879178898e-01,6.591900127668285370e-01,7.736733936830919242e-03,-3.647422551557705206e-04,8.017082686620983622e-04,-9.999696831279091258e-01,-6.593158442137106445e-03,1.267818404070220235e-02,-4.259244125596625130e-01,-8.098055435116364434e-04,-6.279893404204095475e-04,1.118441521925917245e-06,0.000000000000000000e+00
5.475999999999999979e+00,-6.975212318410710655e-01,4.084760673973877321e-01,6.392832386660942667e-01,7.736761169424536018e-03,-3.776025035516504579e-04,8.162387385111648198e-04,-9.999696663885755399e-01,-6.222292252786761069e-03,1.188561756922735038e-02,-4.052608070272143426e-01,-4.418745705631738335e-04,-4.491519094552435458e-04,7.705749015142289258e-07,0.000000000000000000e+00
5.524000000000000021e+00,-6.978100158940281350e-01,4.090257316023614420e-01,6.203651179524695136e-01,7.736779762585214645e-03,-3.861219899495582663e-04,8.221564680012768316e-04,-9.999696581434139864e-01,-5.840771766867800842e-03,1.108298718267078722e-02,-3.847359287578543952e-01,-8.927403595604250478e-05,-2.724259958629640004e-04,4.204323836851897552e-07,0.000000000000000000e+00
5.572000000000000064e+00,-6.980803064513348977e-01,4.095367938773234462e-01,6.024264423848134653e-01,7.736789838458183952e-03,-3.904119968012082116e-04,8.199189689626946867e-04,-9.999696582368650111e-01,-5.452965805692161147e-03,1.027869203730696207e-02,-3.644458914762854218e-01,2.413015823027804291e-04,-1.020617155950357259e-04,8.410918023151972071e-08,0.000000000000000000e+00
5.620000000000000107e+00,-6.983319118804652836e-01,4.100093809878488371e-01,5.854537113242728186e-01,7.736791877144605020e-03,-3.906753820921165144e-04,8.101222380692854564e-04,-9.999696661030045286e-01,-5.063075041874455506e-03,9.480587526952183666e-03,-3.444746058464726590e-01,5.447834413543185079e-04,5.856324322701190387e-05,-2.254434167841697513e-07,0.000000000000000000e+00
5.668000000000000149e+00,-6.985648358918533640e-01,4.104439798227794145e-01,5.694296931281709329e-01,7.736786638657417586e-03,-3.871864205738595683e-04,7.934641717109329256e-04,-9.999696808572698936e-01,-4.675046885092198727e-03,8.695861734619619518e-03,-3.248947093771525907e-01,8.175529307779260150e-04,2.068613096844943268e-04,-4.984522161983823804e-07,0.000000000000000000e+00
5.716000000000000192e+00,-6.987792636284713144e-01,4.108414029701428216e-01,5.543339430575781046e-01,7.736775085544474705e-03,-3.802726824549149207e-04,7.707121785504462410e-04,-9.999697013943479318e-01,-4.292511017338537446e-03,7.930948663453835437e-03,-3.057684521286622159e-01,1.057266895980914743e-03,3.409509596032617271e-04,-7.282550044477540236e-07,0.000000000000000000e+00
5.764000000000000234e+00,-6.989755451497360328e-01,4.112027509852646534e-01,5.401432798178009698e-01,7.736758308730323254e-03,-3.702989537977549399e-04,7.426749086168048675e-04,-9.999697264835260002e-01,-3.918733381599183441e-03,7.191473746405098628e-03,-2.871485383496343302e-01,1.262688226318669192e-03,4.595735806387223369e-04,-9.111256961832894441e-07,0.000000000000000000e+00
5.812000000000000277e+00,-6.991541771375486825e-01,4.115293727845135696e-01,5.268322228383294226e-01,7.736737459080006256e-03,-3.576531505807404080e-04,7.101779296858509683e-04,-9.999697548551259585e-01,-3.556586395927100169e-03,6.482227195200869485e-03,-2.690789244182093531e-01,1.433524732311052116e-03,5.620130251303521052e-04,-1.045999119362356569e-06,0.000000000000000000e+00
5.860000000000000320e+00,-6.993157835461250027e-01,4.118228253892955437e-01,5.143733923751000470e-01,7.736713686859250996e-03,-3.427341444042616351e-04,6.740431278623855394e-04,-9.999697852737823300e-01,-3.208533205060190574e-03,5.807160927522972936e-03,-2.515955736767805928e-01,1.570278076489143399e-03,6.480189889969070359e-04,-1.134113310442433338e-06,0.000000000000000000e+00
5.908000000000000362e+00,-6.994610958144408253e-01,4.120848340467568316e-01,5.027378744847622594e-01,7.736688090740117922e-03,-3.259413958937077381e-04,6.350715775468911356e-04,-9.999698165963231133e-01,-2.876623871493600836e-03,5.169405065848672182e-03,-2.347271689332603162e-01,1.674103766948273906e-03,7.177349460317551406e-04,-1.178593891814588198e-06,0.000000000000000000e+00
5.956000000000000405e+00,-6.995909331624923233e-01,4.123172535690455831e-01,4.918955528793756971e-01,7.736661677367032836e-03,-3.076662780492215102e-04,5.940296087849684416e-04,-9.999698478136106461e-01,-2.562501530962944200e-03,4.571300303062706370e-03,-2.184957835573786145e-01,1.746682720418038428e-03,7.716310878240324961e-04,-1.184008065776921854e-06,0.000000000000000000e+00
6.004000000000000448e+00,-6.997061834014626225e-01,4.125220315636007329e-01,4.818154096219365856e-01,7.736635331838096451e-03,-2.882849636063036162e-04,5.516377925888646611e-04,-9.999698780769690210e-01,-2.267416681609973287e-03,4.014442757788140408e-03,-2.029175122299489709e-01,1.790104560359558495e-03,8.104425239917937250e-04,-1.155915486864596044e-06,0.000000000000000000e+00
6.052000000000000490e+00,-6.998077846040491323e-01,4.127011740736289402e-01,4.724657965695109874e-01,7.736609798837363640e-03,-2.681527462708570850e-04,5.085625641303255159e-04,-9.999699067107189476e-01,-1.992247932753989006e-03,3.499738281276483075e-03,-1.880030625088346674e-01,1.806762578416882268e-03,8.351128568367046116e-04,-1.100440492367294460e-06,0.000000000000000000e+00
6.100000000000000533e+00,-6.998967079050542051e-01,4.128567140109298816e-01,4.638146794126115635e-01,7.736585673625113839e-03,-2.475996643934539210e-04,4.654102077356687050e-04,-9.999699332129241558e-01,-1.737527701501157939e-03,3.027463516665219057e-03,-1.737583084600134720e-01,1.799260119028858393e-03,8.467431408698971890e-04,-1.023885682942261048e-06,0.000000000000000000e+00
6.147999999999999687e+00,-6.999739416340258202e-01,4.129906826423216382e-01,4.558298560977478431e-01,7.736563401684887729e-03,-2.269272965135083581e-04,4.227229350362866748e-04,-9.999699572467437569e-01,-1.503471508400808796e-03,2.597331342544072132e-03,-1.601848076681105792e-01,1.770328024783706169e-03,8.465461594261533725e-04,-9.324014262578265018e-07,0.000000000000000000e+00
6.195999999999999730e+00,-7.000404769211661105e-01,4.131050842855749083e-01,4.484791513556397602e-01,7.736543285551880991e-03,-2.064066007211716068e-04,3.809767975316282417e-04,-9.999699786248515965e-01,-1.290009683303880873e-03,2.208558650458557465e-03,-1.472802829903160915e-01,1.722752689911539277e-03,8.358058902956798548e-04,-8.317201833484205056e-07,0.000000000000000000e+00
6.243999999999999773e+00,-7.000972948646989602e-01,4.132018742802273659e-01,4.417305889911491423e-01,7.736525497205663099e-03,-1.862766735845998846e-04,3.405811865685618258e-04,-9.999699972892628352e-01,-1.096820446791570407e-03,1.859934706348647911e-03,-1.350390704528424413e-01,1.659314201969118354e-03,8.158419851166665016e-04,-7.269591691166529498e-07,0.000000000000000000e+00
6.291999999999999815e+00,-7.001453553020665632e-01,4.132829402220303261e-01,4.355525435231839548e-01,7.736510094389293518e-03,-1.667443092000790348e-04,3.018796868672277145e-04,-9.999700132886742976e-01,-9.233634790946388142e-04,1.549888626425215002e-03,-1.234525347118813482e-01,1.582734001328293949e-03,7.879790499139505350e-04,-6.224901429265673258e-07,0.000000000000000000e+00
6.339999999999999858e+00,-7.001855871883183591e-01,4.133500863860629648e-01,4.299138726942228761e-01,7.736497039297201075e-03,-1.479842445330055369e-04,2.651520638787962939e-04,-9.999700267551060451e-01,-7.689132259935391785e-04,1.276554757092444349e-03,-1.125094535130641421e-01,1.495631450661873574e-03,7.535204845335981760e-04,-5.218713231941060524e-07,0.000000000000000000e+00
6.387999999999999901e+00,-7.002188805523839044e-01,4.134050212117028611e-01,4.247840323001713103e-01,7.736486218232265476e-03,-1.301399834618035124e-04,2.306171801681555864e-04,-9.999700378812834689e-01,-6.325913189263741897e-04,1.037834985466705483e-03,-1.021963725861888689e-01,1.400488679740197369e-03,7.137266153407847589e-04,-4.278336414152910023e-07,0.000000000000000000e+00
6.435999999999999943e+00,-7.002460799751282217e-01,4.134493476815833124e-01,4.201331747224004709e-01,7.736477461043632375e-03,-1.133250986754678788e-04,1.984366514458108649e-04,-9.999700468998112823e-01,-5.133976039530669918e-04,8.314572216418616209e-04,-9.249793240675160955e-02,1.299623052827240813e-03,6.697968374932747717e-04,-3.423117975681231094e-07,0.000000000000000000e+00
6.483999999999999986e+00,-7.002679795116534267e-01,4.134845563953335468e-01,4.159322324753983446e-01,7.736470559397863600e-03,-9.762491768852384413e-05,1.687190686309762906e-04,-9.999700540648870373e-01,-4.102393811320679227e-04,6.550294863670219668e-04,-8.339716824365688008e-02,1.195166595769196240e-03,6.228554697047919463e-04,-2.665097717182474494e-07,0.000000000000000000e+00
6.532000000000000028e+00,-7.002853189637274767e-01,4.135120211162481296e-01,4.121529880157798198e-01,7.736465283185040183e-03,-8.309850661729773760e-05,1.415246282350717075e-04,-9.999700596369565098e-01,-3.219585522815949781e-04,5.060892088213008941e-04,-7.487578489441275298e-02,1.089051716738579896e-03,5.739410152528798097e-04,-2.009904512269888653e-07,0.000000000000000000e+00
6.580000000000000071e+00,-7.002987813960113161e-01,4.135329965540420760e-01,4.087681309917248762e-01,7.736461394602366440e-03,-6.978087291017364075e-05,1.168700292498259203e-04,-9.999700638704713818e-01,-2.473564612093184117e-04,3.821474895154900451e-04,-6.691440748591201415e-02,9.830025580288561608e-04,5.239985177293221075e-04,-1.457796834352816957e-07,0.000000000000000000e+00
6.628000000000000114e+00,-7.003089917814013798e-01,4.135486181385644167e-01,4.057513040464646448e-01,7.736458659676492128e-03,-5.768531585017097645e-05,9.473351045578014588e-05,-9.999700670046945961e-01,-1.852162866173774928e-04,2.807282140177978411e-04,-5.949280969129515373e-02,8.785313258491909407e-04,4.738746984372454812e-04,-1.004761833482102497e-07,0.000000000000000000e+00
6.676000000000000156e+00,-7.003165166558673604e-01,4.135599035368439091e-01,4.030771382254166868e-01,7.736456857173622075e-03,-4.680586126478623833e-05,7.505991749406905561e-05,-9.999700692573336713e-01,-1.343229144327325844e-04,1.994020153032642433e-04,-5.259012068202930518e-02,7.769389603595042897e-04,4.243155641849276501e-04,-6.436014339746244611e-08,0.000000000000000000e+00
6.724000000000000199e+00,-7.003218646611752973e-01,4.135677556682621492e-01,4.007212789741373959e-01,7.736455784998500819e-03,-3.711972440456381533e-05,5.776570403510851871e-05,-9.999700708206894495e-01,-9.348027375419272836e-05,1.358151772554348172e-04,-4.618501209974031768e-02,6.793195287944573920e-04,3.759661792957336808e-04,-3.649495172512578618e-08,0.000000000000000000e+00
6.772000000000000242e+00,-7.003254878544328266e-01,4.135729669791977092e-01,3.986604036535615347e-01,7.736455264297463844e-03,-2.858975231325444147e-05,4.274378581084129066e-05,-9.999700718599223714e-01,-6.152616947431453949e-05,8.771365044282471504e-05,-4.025586629501434754e-02,5.865677500150768154e-04,3.293723037087126150e-04,-1.581799670631847241e-08,0.000000000000000000e+00
6.820000000000000284e+00,-7.003277836660688482e-01,4.135762247484098819e-01,3.968722314401552653e-01,7.736455141558468661e-03,-2.116680413906293478e-05,2.986818004238582519e-05,-9.999700725130231671e-01,-3.734468548768762268e-05,5.296241501338535065e-05,-3.478092704081401504e-02,4.993890886881020407e-04,2.849836098399541892e-04,-1.218015308652897177e-09,0.000000000000000000e+00
6.868000000000000327e+00,-7.003290973923098628e-01,4.135781172070606693e-01,3.953355264217137677e-01,7.736455289045365488e-03,-1.479203466575891258e-05,1.899837579492563437e-05,-9.999700728920930537e-01,-1.987626581931986798e-05,2.956047566440008157e-05,-2.973843388666546489e-02,4.183118909682318506e-04,2.431582041171800727e-04,8.402243247789097113e-09,0.000000000000000000e+00
6.916000000000000369e+00,-7.003297251140815360e-01,4.135791402719776189e-01,3.940300946446688157e-01,7.736455603918841739e-03,-9.399052818713806614e-06,9.983392943101501141e-06,-9.999700730855289876e-01,-8.125607591924016254e-06,1.565181141038505557e-05,-2.510674127682110610e-02,3.437010704520870570e-04,2.041681944886185025e-04,1.407816476629209224e-08,0.000000000000000000e+00
6.964000000000000412e+00,-7.003299169412456893e-01,4.135797047069850740e-01,3.929367758160016155e-01,7.736456006388747232e-03,-4.915932976655880478e-06,2.665498664626387598e-06,-9.999700731607868986e-01,-1.167520096645699243e-06,9.532629524411252240e-06,-2.086442351149917288e-02,2.757728926253427562e-04,1.682060623972506780e-04,1.674948699796372587e-08,0.000000000000000000e+00
7.012000000000000455e+00,-7.003298804888903328e-01,4.135801435443776652e-01,3.920374303122272086e-01,7.736456437216632752e-03,-1.267062555826757436e-06,-3.116439355216847279e-06,-9.999700731674305842e-01,1.849081066951643144e-06,9.655289775521181471e-06,-1.699036658534519573e-02,2.146104473715940413e-04,1.353916163661968565e-04,1.723921379755283748e-08,0.000000000000000000e+00
7.060000000000000497e+00,-7.003297845007722122e-01,4.135807196164193456e-01,3.913149220994551203e-01,7.736456854849324202e-03,1.625185501329145510e-06,-7.523974566359045137e-06,-9.999700731402316745e-01,1.698866172361636749e-06,1.462927309573648009e-05,-1.346384789180480115e-02,1.601794416691787275e-04,1.057793240867299238e-04,1.624344523153678519e-08,0.000000000000000000e+00
7.108000000000000540e+00,-7.003297625437304719e-01,4.135816330647512085e-01,3.907530981222640531e-01,7.736457232419090453e-03,3.838962027540011887e-06,-1.071648136902040617e-05,-9.999700731021448075e-01,-9.207138994257211408e-07,2.321956920947535998e-05,-1.026460473636738382e-02,1.123439877021663845e-04,7.936584038354234719e-05,1.433013186982300597e-08,0.000000000000000000e+00
7.156000000000000583e+00,-7.003299167057679409e-01,4.135830287134342753e-01,3.903367646750556252e-01,7.736457554797740270e-03,5.451635248697209328e-06,-1.284892922308621752e-05,-9.999700730670323390e-01,-5.388915372434835848e-06,3.434285162130489293e-05,-7.372892555931170704e-03,7.088210458580012025e-05,5.609756929486914848e-05,1.194471603750047549e-08,0.000000000000000000e+00
7.203999999999999737e+00,-7.003303212393187094e-01,4.135850032087490802e-01,3.900516612276666573e-01,7.736457815844479183e-03,6.538667586683612886e-06,-1.407002099010284683e-05,-9.999700730420596484e-01,-1.116005457433091953e-05,4.706179670524814252e-05,-4.769533696065961226e-03,3.550069416821747788e-05,3.587811940431571723e-05,9.420708307695803979e-09,0.000000000000000000e+00
7.251999999999999780e+00,-7.003310260998880654e-01,4.135876118455973915e-01,3.898844321373080568e-01,7.736458015942854552e-03,7.172671363309844168e-06,-1.452068025712993275e-05,-9.999700730297225171e-01,-1.776090401908372236e-05,6.057788743207253565e-05,-2.435957552929769558e-03,5.849792327438931730e-06,1.857553218388433355e-05,6.993428276757598929e-09,0.000000000000000000e+00
7.299999999999999822e+00,-7.003320603385940757e-01,4.135908750161904068e-01,3.898225966413287891e-01,7.736458159883121376e-03,7.422636465069931378e-06,-1.433286815938012365e-05,-9.999700730294944773e-01,-2.478730193471165703e-05,7.422302240905593142e-05,-3.542328422347562275e-04,-1.846406364319657634e-05,4.029183157214011446e-06,4.815381116668768308e-09,0.000000000000000000e+00
