time_s,qpos_0,qpos_1,qpos_2,qpos_3,qpos_4,qpos_5,qpos_6,qpos_7,qpos_8,qpos_9,qpos_10,qpos_11,qpos_12,qpos_13,qpos_14,qpos_15,qpos_16,qpos_17,qpos_18,qvel_0,qvel_1,qvel_2,qvel_3,qvel_4,qvel_5,qvel_6,qvel_7,qvel_8,qvel_9,qvel_10,qvel_11,qvel_12,qvel_13,qvel_14,qvel_15,qvel_16,qvel_17
0.002,10.530747413674776,21.700000762939485,0.8409607858899374,1.0,-4.4998127084819326e-12,8.883076764538701e-10,1.7396758981188914e-13,-0.09999999950349846,7.281619972920872e-11,-5.811926374721388e-11,0.3000000068492162,-0.1999999999764139,-4.883641068333049e-12,-0.09999999950353931,-6.659194379454725e-11,4.2029555823497324e-11,0.3000000068489467,-0.19999999997610982,5.560122429871859e-12,1.9761061197777598e-08,1.6745897426939044e-11,-0.019607621275427662,-4.499812708481932e-09,8.8830767645387e-07,1.7396758981188914e-10,9.933088299618477e-07,3.640809986460436e-08,-2.905963187360694e-08,-2.5358563824671168e-06,1.5019091687094032e-06,-2.4418205341665243e-09,9.932884047003653e-07,-3.3295971897273624e-08,2.101477791174866e-08,-2.535991143991723e-06,1.502061213837891e-06,2.7800612149359292e-09
0.052000000000000005,10.529449851984616,21.701773709377164,0.8273784789610067,0.9999764459475391,0.005468268364588285,0.004058827311442794,0.0008552847928648322,-0.13032927850494136,-0.007894097521095893,0.025604627677756474,0.3539405264485431,-0.2072407208168347,0.011255700004349946,-0.10901786296976959,-0.03800292829430222,-0.014525758800536888,0.2847965469184448,-0.15539634542592964,0.03757008389619926,-0.028961862802816738,0.031151822436639224,-0.46884626038852695,0.143470998461862,0.18354782430078748,0.16225780334736636,-0.9392910799601404,-0.19378843050457908,0.22894900506542762,1.8006838646586771,0.8661776327694731,-0.3801268884240737,0.1990077527150332,-0.30313707759329683,0.37475219281782707,-0.42243470142381817,-3.284680741701527,0.5843292822586543
0.10200000000000001,10.527018536539298,21.703455723145023,0.8175422253156922,0.9999360852828337,-0.0020587167202478695,0.011114309402185718,0.00024323079471444382,-0.16569222790239646,0.00943273937996695,0.031626512468214324,0.39787407417219267,-0.2580063711817899,0.00175637004876638,-0.17775667011252036,-0.023654913899763565,-0.010728374009572687,0.393575019775891,-0.24169880556416498,0.03896887378758818,-0.030083663267888305,0.06443874041475273,-0.01941015484279251,-0.05063285341190919,0.14020488349544497,-0.024636424782568205,-0.6687439574070847,-0.02201330168247901,0.035796515738151874,1.0073510534078889,-0.5307784906092574,0.1486695825689392,-1.0201472692326368,-0.014453994902544783,0.19938501774035217,1.6373063368302794,-0.35240031054452703,0.17030045498592966
0.152,10.524990684382145,21.705507863999213,0.8168297934689697,0.9998656145337121,-0.0006090208781504584,0.0162041278563795,-0.0024100222208377486,-0.1941031969225852,0.00468576124874519,0.03788963890666054,0.42791664789436984,-0.26583569098832077,0.019861368963931793,-0.25201456165488134,-0.027110773362166184,0.005813129635341536,0.5276128603237596,-0.33524456536816494,0.07677116390174177,-0.042186170808075,-0.0029890392074333324,-0.0006970874135579009,0.030694089112284603,0.1949512142846498,-0.1733528488994512,-0.3530995563812526,0.03506626901850811,0.17232514945866412,0.1824598592414404,0.053874867322386825,0.37928230695294185,-1.8715751541548933,0.167354108490242,0.594503165811369,3.874343038157496,-2.750999529493167,-0.1980779243587069
0.202,10.523670840544826,21.703225059522914,0.8174725071245783,0.9998099014119115,-0.0012738054380624139,0.01861049160171221,-0.005673452278037914,-0.20095834797756035,0.012152268441147024,0.04249743659474974,0.42817279733551,-0.26111187188288293,0.030916598677566652,-0.32328387364764494,-0.022783149107861844,0.01262469909773284,0.6699222476278013,-0.4377093218366351,0.05977601065284265,-0.01368548757215586,-0.07784625742388772,0.015873566561551585,-0.030456838746318222,0.032707918536388575,-0.03315794320311763,-0.024565636613081292,0.1691841991239938,-0.01135413454666424,-0.06970338278189282,0.09537762264104495,0.10462859362552522,-0.918941783413672,0.035544855784093984,-0.033567405605470564,1.6229440066881489,-1.3396970503516923,-0.21784643466089315
0.252,10.52309536650905,21.698164891244044,0.8181796491401799,0.9997706340555653,2.894304500400726e-05,0.02022994476190892,-0.007030489126831124,-0.20107919899911222,0.01838039600432013,0.046173462283847666,0.41982027401235855,-0.2563861912993331,0.042779190543099775,-0.3624226442829916,-0.024377486486433814,0.008249601300698762,0.7281752801522197,-0.4640641381293206,0.05511449368760701,-0.007696260539047871,-0.12370006309236446,0.013658682367265097,0.12663555542428667,0.0899581289951834,-0.053493347320845014,0.00971341882562192,0.06959709502321114,0.10963654273162976,-0.2351102943130705,0.11363780889938441,0.3894448296474519,-0.5892564950571527,-0.1028893096371031,-0.21194123316652108,0.6246420187745014,-0.08858794699979938,-0.031824040895000634
0.302,10.52299080184093,21.690760784959615,0.8186017718637678,0.9996907613107177,0.005404560730721191,0.02273640178269474,-0.0084987356283377,-0.19983532000552737,0.0184070672653099,0.05311489890439621,0.40604995067917454,-0.24939153510249634,0.06600149208669127,-0.3788776098283504,-0.03240121664434111,-0.009063743482786083,0.7273688059167905,-0.45031292316405686,0.055793740486467604,0.00258785572515264,-0.17016563662510273,-0.00170722813134847,0.30644789700389535,0.10662410170475307,-0.059693881556549616,0.029370883605865324,-0.06875529587730467,0.17198175030383034,-0.27554926746347824,0.1419351491019107,0.48028844722071123,-0.10279515655551853,-0.1823216977091232,-0.3999874243731394,-0.5255148791164919,0.5412508039572098,0.05913645047722473
0.352,10.523639993040236,21.681368815218352,0.8171775415897883,0.9995258065242024,0.016396555262362004,0.02426464114074196,-0.009515369566187516,-0.19827371725429505,0.008632572313427194,0.06266825500260777,0.39874319932913,-0.24627015491006424,0.08380223896769357,-0.3580862289060243,-0.04749703219999369,-0.03690225559336552,0.6377345856562345,-0.36891674496616317,0.07818838491347921,0.025508778193024738,-0.19945876046096883,-0.06898327402945421,0.5915007792726257,-0.002815677900079915,0.01827384455441646,0.0016393639363999103,-0.34830970369276293,0.19271209521808957,0.11627000140718541,-0.09447324044445625,0.07745902954909621,1.0366054436512515,-0.3915703383902415,-0.5042864621729639,-3.2847918853740823,2.662668862965437,0.8577322840822659
0.402,10.524740960145142,21.671177051951112,0.8129742915888255,0.9991988573476975,0.031222431140607118,0.023094038212044355,-0.00966791951687611,-0.20561402115135094,-0.00906332277256803,0.06597874096462926,0.42329052943577894,-0.2567297847561388,0.07988228080833494,-0.3276365239515918,-0.05796908848073363,-0.03607544921135501,0.5420594752590844,-0.2583037005918308,0.026885565175566124,0.01792465116830685,-0.2094119077009998,0.0037690745001787394,0.26729632457490005,-0.07338103445621193,-0.09196313769911879,-0.11247266370396639,-0.04898023848187702,-0.33958520468996856,0.41707602026067475,0.11424546457645832,0.1520439775736538,-0.09364592491286522,0.165186926974112,0.12201034659202968,0.3673942248368125,-0.21041642510759861,-1.724275881931792
0.452,10.524936521954373,21.663117935391863,0.8153960018617289,0.999002099905894,0.037116560807932915,0.022872275694275624,-0.009696612912295698,-0.2429340672132433,-0.02485643305828061,0.03532296843923479,0.5039542616817392,-0.2968810760473324,0.07354962989107672,-0.3284413884523587,-0.05616788768236723,-0.03343774430309922,0.5459427885124606,-0.2658755176541399,-0.02161140333491012,-0.006746652824898496,-0.12232937639142953,0.06178804299152843,0.20018757002946602,0.03205305596967719,0.051210320530692355,-1.237696029005881,-0.5615513055395207,-0.8629192175989584,2.648057235594994,-2.180578100142173,-0.6918582637776217,0.08087786371525132,-0.022476564727125,0.008067723672570477,-0.2412264533349785,0.08456949812240472,-0.6337254188374828
0.502,10.524834873590976,21.658344858649155,0.8179990695530637,0.9988725905376062,0.04090967939403097,0.022337252235115134,-0.008999620389474472,-0.29748341955099344,-0.04831723777935973,0.0075624908337135295,0.615237401200248,-0.3921019390373962,0.036573075241642404,-0.3196368361890159,-0.05704422099898567,-0.03376985017111753,0.5302083221938829,-0.25883328306025105,-0.04371597654390406,0.0037469050844621534,-0.07491495166178247,0.039836150290257714,0.10276150233198109,-0.06461911584325973,0.012741151506709215,-0.8425141706135598,-0.31221132557171044,-0.24601693610606093,1.5842764624829953,-1.3918850015184252,-0.6368894391613434,0.23134695764138213,-0.0008636699608852655,-0.020590038332916137,-0.30905842998643884,0.13602125173797455,-0.2998697010457858
0.552,10.525205125209993,21.655531994168765,0.8194423987993014,0.998875833962296,0.042005018875341846,0.020210450593627614,-0.008613036759084012,-0.32718990757564426,-0.056960546739861256,0.0041896084205465135,0.6665359938400971,-0.42844964564939475,0.011534459008944703,-0.3069857454794065,-0.056045348493461086,-0.036822985869307004,0.5156952340513455,-0.2529240032926769,-0.05419342678628977,0.010724972592613327,-0.03900549282782953,0.02182312566750087,-0.00604887370910664,-0.09647807918361447,0.022841647096913893,-0.34683397988782017,-0.08463027665533308,0.029297314763824883,0.4983867736130623,-0.18552819594346942,-0.3746588402179722,0.27332639549761656,0.041689020129275306,-0.08691949925037422,-0.28913873497164144,0.11247329048768369,-0.1499802620546503
0.602,10.52579826449806,21.654490314757194,0.8203402637388597,0.9989909799632167,0.04043609719208665,0.01781883338325179,-0.008027027648159556,-0.33460893331172986,-0.05868096479399866,0.007708646338688859,0.6757459287885466,-0.4284425178901718,-0.005544306374389492,-0.29257662822837555,-0.052316751458271665,-0.04231432828441095,0.4998096274881943,-0.24651327022931965,-0.06052183434424864,0.011250192391576461,-0.004251744526316013,0.015133358447845314,-0.11642633027464747,-0.08565501606311159,0.030848226999760014,-0.01330868349517841,-0.004796329479463709,0.08716346497335765,0.019462696866979372,0.10530734035109059,-0.31534968064788177,0.294265072474053,0.10780530502600014,-0.13092634950037974,-0.3533725790385858,0.15078925786167452,-0.10516095566146724
0.652,10.526313883417771,21.65509313732021,0.8211469995633017,0.9992065122459821,0.03583284314644627,0.015910229546635804,-0.007015542248090739,-0.3292875422882127,-0.05769830704300282,0.011874497922862976,0.6705531496758046,-0.4177165404455211,-0.0265563384150981,-0.2756932777296063,-0.04441749342109659,-0.05043620783557302,0.4765099701394496,-0.2359234457931782,-0.06526682224155228,0.009907078724893709,0.026827448950097362,0.017371625514262096,-0.24677781746193084,-0.07065067963414272,0.043914057255418755,0.23681524071132667,0.04670357442492824,0.08842113401260981,-0.29604690622351304,0.29987025759722086,-0.4467611429672201,0.384558344839338,0.20737134606289426,-0.1848378669720502,-0.5778417142442095,0.2708501734831103,-0.07071993780895022
0.7020000000000001,10.526737945232178,21.657242261236263,0.8219323310835799,0.9994848445774642,0.028066538926866773,0.014414535662482726,-0.0058767350003020025,-0.3110486584406367,-0.054208664600932474,0.0166433663229289,0.6416011560307409,-0.3974947440288108,-0.043386873252735006,-0.2550700043844336,-0.031392190616308324,-0.0603094186310731,0.4431517120772791,-0.21992722929956782,-0.06678917522021063,0.005658748015991893,0.05803856960593446,0.011130278767715896,-0.3707023513578608,-0.044316432818756156,0.042849416338752576,0.438646981628678,0.08214414395837044,0.08726159922984372,-0.779757693964347,0.44829699994223426,-0.22221533729116777,0.4108905034358547,0.3095779224401783,-0.20749642902071974,-0.7135661805714117,0.3498995785704871,-0.0009338112761433561
0.752,10.527117943245782,21.660947084598856,0.8222320420226535,0.9997542105731788,0.017085020808926085,0.013201457701141579,-0.005034085788300465,-0.2785857630905397,-0.04863192147995034,0.022516653984025727,0.5698912410497295,-0.356828324295938,-0.046788160314836,-0.2323432452545048,-0.012627391203391307,-0.07050905178104883,0.4035447152808635,-0.20063988652135822,-0.06418591716651335,0.008985696987821198,0.08889510494295766,-0.0038121002965591693,-0.507020450250726,-0.05450106652238971,0.011897294105999464,0.8344281248737738,0.1347698044001762,0.12255211133171433,-2.0691566412699944,1.1757849557225701,0.024696499286206014,0.46081473657834543,0.4401565742175574,-0.19670495665140686,-0.7987606013774197,0.3872421086841455,0.10675914329443215
0.802,10.527490413092481,21.66585949687713,0.8202945028488413,0.9999127107652984,0.0011352364224972648,0.011940964612125404,-0.0055403476776547935,-0.23031256518830695,-0.03822690779236855,0.01962778500228597,0.4359876167789059,-0.26848595273051146,-0.0472251962708858,-0.2166351560875943,0.01654783337421517,-0.08015689867806508,0.3779427324345545,-0.1883436664988425,-0.05563507349929174,0.0021953371372364205,0.09864940603016595,-0.08752391464437206,-0.8149100025153408,-0.04629810905547581,-0.07632439236750616,0.8919115372635871,0.32280665889792964,-0.4980593120009516,-2.711287768000828,2.6677144912477284,0.3408207562828556,0.08429576622494228,0.7895056250938476,-0.20951860566723893,-0.08321905548427722,0.03886332045791743,0.21438645192663686
0.852,10.527151373793108,21.67089695933429,0.8186383170185637,0.9998443427931955,-0.011622184879236936,0.012112265574803398,-0.005432129022834244,-0.23019252829705883,-0.0288467839961601,0.0028431218507120916,0.42052735295693744,-0.20845931556515399,0.03626124278572124,-0.22859342417181786,0.04423503732403144,-0.06790140924933796,0.4111216741875215,-0.2457248553332672,-0.03153900476816084,-0.020643083410379074,0.08833666820573181,0.022632174188478172,-0.2662826105180492,0.08547933059783774,-0.013344800011262606,-0.34814421322495726,0.12201103825825953,-0.10286688443571144,0.5006838611045896,-0.4600624107260474,0.6565750018631282,-1.0099321615778791,0.6259479178099309,1.3871129741245218,2.5851954472806633,-3.077422162956378,0.36010087062069557
0.902,10.526763653161,21.673880895840743,0.8205461431511618,0.9997457136582902,-0.017501792994488685,0.012796619969629535,-0.006200143644026167,-0.23377467100443536,-0.02088664694531701,-0.0011505352053052067,0.4254767780435085,-0.21771286688041303,0.056068646685495035,-0.28663012624591033,0.06798802913132443,-0.009562981445354293,0.5714281097955247,-0.3645229994116192,-0.021962382355765565,0.0022328533178736718,0.03392731604568048,0.04161420260136396,-0.23735172597074894,0.005987468379587276,-0.01804658898608978,0.03611054002947699,0.20652085288428768,-0.09836448419744008,-0.06341456475353527,-0.02663161451961721,0.22270138302475673,-1.03236003071197,0.2735346280476395,0.6517940559672849,2.635671757841777,-1.5344041442514504,0.17956181585313494
0.9520000000000001,10.527011080296289,21.674546097505328,0.8220797770768039,0.9996325880170525,-0.0226797244767477,0.013334405343854895,-0.006520176846833225,-0.23389575755609796,-0.010456799600759268,-0.005548702726479914,0.42457731324423276,-0.2179321598815743,0.06293241752398024,-0.3328725638744618,0.07638229527118498,0.014778365100881987,0.6677969143459992,-0.4047233045042215,-0.00826778769036341,0.006559830037150193,-0.0029290755517187963,0.01977683461701489,-0.1643027606731112,0.035212582746180617,-0.0065701551117299025,-0.04315145736269599,0.18612183669334553,-0.07659032218599529,0.028595548850504065,-0.0016283754553440668,0.07965239173797965,-0.8009980033995447,0.0388393892347776,0.2805106071421043,1.2399956013187379,-0.3005773392081747,0.3119484515850069
1.002,10.527362613784595,21.673635011825716,0.822544615237099,0.9995575363407487,-0.025125398933311647,0.014473182136808756,-0.006631204392079137,-0.2373188375565533,-0.0035283837857248003,-0.007908122715145897,0.4274213544714948,-0.21860367822144164,0.06541199261891133,-0.36666114469146643,0.07398261722881289,0.020886880115094784,0.7050448726311337,-0.41135518989888387,0.0073487582708336606,0.007055854677635649,-0.031460657087430906,0.000676351040994558,-0.02778178457275111,0.05253450404876638,-0.007159786502854145,-0.07897680955788716,0.08509198506958603,-0.011446781580157984,0.06091680606329251,-0.01750221773080363,0.028227680129592245,-0.565091433677368,-0.10686819164835262,0.008215601262060997,0.41261816695531117,-0.06503335685503031,0.2872329256971095
1.052,10.527644673739529,21.671380908678184,0.8222758684288921,0.9995627388119741,-0.02375172290792365,0.01617555001261449,-0.0069669519447324345,-0.241230352549294,-0.0024983107300466127,-0.006173185429774237,0.4281913416573496,-0.21821361877170492,0.06660748668228102,-0.3895842105057806,0.06528375162016335,0.0126206817540889,0.7189247320297859,-0.41698839813545735,0.02128690326535105,0.005391044035468306,-0.05781857179385949,-0.008864443420337442,0.12939401551074411,0.07924462449259763,-0.020017911326203192,-0.05645728197167128,-0.034036923648355,0.08094342947831196,-0.05364198935276305,0.04110026451483994,0.01093676495147315,-0.3224515085978824,-0.22693109101144585,-0.3241054976852218,0.12404058346964082,-0.11596881483732757,0.2175713612519307
1.102,10.527943720139632,21.667763415608377,0.8217416027880062,0.9996287856759685,-0.018560253936502905,0.01830382641567359,-0.007923241782620332,-0.24202735763293853,-0.007008428356819485,0.00010512661021667302,0.4206224125210412,-0.21386874527174504,0.06647947959446159,-0.3957208066876165,0.05410858082384345,-0.006309940085820414,0.7138510894392721,-0.416845241341931,0.02787823888382412,0.005424455580080935,-0.08607489603242702,-0.013739609282839483,0.27875793964595796,0.10104560614606223,-0.04632140799286912,0.0033422110930677465,-0.14008506031796789,0.16596634999358953,-0.220975057969151,0.12062709596524054,-0.01827503200196855,0.053785957926354495,-0.19286671733414765,-0.3709374388935629,-0.3082400990949048,0.09821564602708735,0.07068849668125382
1.1520000000000001,10.52841836148426,21.662781805056465,0.8207589953766746,0.9997062427133637,-0.009588856505938957,0.020301511723887975,-0.009128566840578346,-0.23940668363554202,-0.017509816253657436,0.00967469247201024,0.4071710029082338,-0.20703515658264182,0.06411679508003501,-0.3736790373612408,0.04290387535907755,-0.030125122969738287,0.6603744633344276,-0.37853347979453916,0.031845209313377885,0.015328812700874404,-0.11086621721148604,-0.0302391262834755,0.443135435213456,0.05101962494113508,-0.02402354993592768,0.09215567338667682,-0.2928056315981287,0.20736993714038057,-0.2573412051459454,0.11694023072112145,-0.09426867526929149,0.8848325931059403,-0.25418130765223784,-0.5357068262615374,-2.0113853613965555,1.4995064743531135,0.17973254315562398
1.202,10.5296123396131,21.657122553140503,0.817340338941644,0.9997473475462286,0.0057917393692567985,0.019791305801918176,-0.00894433027197188,-0.2367371527934241,-0.042370412429327056,0.02141155131988583,0.407185792791857,-0.20926061211576524,0.05498753783195222,-0.3027951808431387,0.026325741991830427,-0.04360464721407638,0.505154744996786,-0.2745649001608077,0.05375541933040903,0.030782254833557603,-0.105861371065267,-0.12359693685363989,0.8474579954661803,-0.08468069550996425,0.07750579201058357,-0.04829281846104934,-0.7860604771656929,0.2872055455894519,0.38786261785192244,-0.27391320757203347,-0.23525079304244617,1.7926919099408378,-0.5256880188489359,0.1535716377908946,-3.6629557709960427,2.185359769265638,0.5673662530192283
1.252,10.53025626247156,21.651283090320995,0.8151651099156203,0.9996328281030409,0.017315640141908825,0.017820177040819816,-0.010808278097122892,-0.24636024765786083,-0.059074781381347335,0.026310824173210654,0.44215620756126045,-0.22665277531527941,0.05468724148331697,-0.2845710207043084,0.021445841617799825,-0.0295372655727753,0.46942602292357466,-0.219056700726067,-0.03884512209951431,-0.003080791170930927,-0.10623612905981082,0.025100140290780976,0.20798298222487646,-0.028214042247092112,-0.04963692937218151,-0.7735146410297172,-0.14424483846046693,-0.16717508974393314,2.140770060616557,-1.250138924965442,0.09993011336356313,-0.18078179622621793,0.0072554707171506895,0.09928492853236615,0.45833413074081986,-0.41361702362437575,-1.0146638021097316
1.302,10.530183297246738,21.647444389139263,0.8169256865624475,0.9995436826868305,0.022355285821398972,0.017073541621568926,-0.011007350870594864,-0.2958773974796996,-0.06690477324325803,0.018993215753288276,0.573160297717683,-0.31625164592913324,0.040731943745966746,-0.286448262984551,0.017838989169204462,-0.02566247092385881,0.47750356853979264,-0.22807037841284228,-0.06910339513936627,0.005264732598192189,-0.055216022100603196,0.03285407299765797,0.19127418151724532,-0.050344495376647584,-0.004315289112962404,-0.8685442267923971,-0.11474656969761339,-0.15626133297776934,2.155607107456662,-1.6823077143869054,-0.4304073198721875,0.06377699109182453,-0.10771170870160805,0.07752519319945791,0.015101541595974096,-0.05439508821881174,-0.35571702851280457
1.352,10.530739461028324,21.645517051277473,0.8180665172698175,0.9994752914030061,0.026210848049189356,0.015473082834835814,-0.011077771752666433,-0.3283914170728823,-0.0678414495769104,0.014270701199969368,0.6516373171536893,-0.37589248567899436,0.017613638796070072,-0.281980507605509,0.012360310232121793,-0.02324204098352035,0.4778097815360985,-0.22992760673573306,-0.0793703413603816,0.015513045015099453,-0.023122240467877676,0.015791686681431567,0.12182845909630105,-0.06301082129520189,0.006344652991115221,-0.4318727252949311,0.048219848374607445,-0.022175116833628532,1.0083276491569868,-0.6422726116254827,-0.38118622368900856,0.09827564052867964,-0.10932282508507296,0.02529454056200016,0.0009116241535965365,-0.026070958186032642,-0.08981544298800882
1.4020000000000001,10.531656661113592,21.645157230896245,0.8186819326776914,0.9994480100018743,0.02803973968956694,0.01407337600488627,-0.010926499405589773,-0.33953290671874603,-0.0644841402222812,0.014009306524097296,0.680856240276896,-0.39161930318741583,0.0020437369710825924,-0.27647869611589004,0.008149184393540964,-0.022932316718201482,0.4760249678999233,-0.23036144046728996,-0.08162479528252113,0.01966192702710275,0.0072199562378150155,0.010510071288060282,0.02429066321035753,-0.043050623228208004,0.008936644868362799,-0.0617473792936195,0.0693554298336199,-0.001544800725438841,0.3009444919441293,-0.12816680865168406,-0.2612771446902687,0.12120782836388654,-0.05187920780724445,-0.009759644660038435,-0.08559151027175807,0.016369124392695382,-0.02554436446433745
1.452,10.532587550624315,21.64622086057736,0.8193022204855545,0.9994900403960688,0.026983000265092087,0.013415245933460386,-0.010564469807045866,-0.336692726514043,-0.0610405991613178,0.013822848892098782,0.6875385064679915,-0.39497974041888734,-0.0165269115159128,-0.26859964009764586,0.00808941327632676,-0.024889958859760433,0.4656574983062161,-0.2259812108674968,-0.08310414024397599,0.017727999459785614,0.03393276824252118,0.015025002299379345,-0.10580498042372595,-0.0166730815369204,0.01848280999867868,0.17545196636999358,0.07029980970213744,-0.00526140313502469,-0.043298150034923884,-0.0267042750668866,-0.444344590353154,0.20563237696012904,0.04925231782102469,-0.06462963966990123,-0.3360215593426013,0.15894935435310376,-0.021304867153246518
1.502,10.533395639094204,21.648576098435168,0.8201269155531128,0.9996078507048669,0.022561323045576905,0.01316543053072143,-0.01008974482183958,-0.320638330513041,-0.05710613049850939,0.013562443063029948,0.6702580862179672,-0.392653087074043,-0.03614554913087607,-0.2556221525146721,0.013619539986740422,-0.029193617810253248,0.4421824383942172,-0.2145011654433499,-0.08310729404788884,0.013290014635889899,0.05895586131935113,0.015139590748278905,-0.24492817051217952,-0.0025082806841529672,0.01720881454824438,0.42772470652743777,0.0915996722651877,-0.003246827724030294,-0.6072254708228921,0.1240291441371747,-0.30661582893282135,0.28960160843394317,0.1695042673536093,-0.10735791576042354,-0.5648392968927531,0.28199679152562657,0.022835410305197198
1.552,10.534100832151491,21.653122381687044,0.82046759671101,0.9995288112092066,0.01648717930458937,0.013475094954142397,-0.022107697692556758,-0.27720982789640886,-0.06148904225941483,0.008088668706131482,0.594247870404697,-0.3793442018610366,-0.056471994850673654,-0.24806372459786574,0.03207530936092195,-0.007292732382571757,0.41913756610446223,-0.19837399936022973,-0.07960310386101936,0.010763395394021977,0.1036970223634597,-0.0037804633553354047,-0.3302642307026129,0.006932750455393422,-0.6317715602645154,1.0039820957275294,-0.12390945659615214,-0.26460650114870626,-2.014398879580625,0.7234804017864763,-0.39295331577165993,0.13178441471914326,0.5009309823399362,0.5056758066765863,-0.49659986421401675,0.3707736108072847,0.15337213312846174
1.602,10.534520713534508,21.658432612918006,0.8187414104756497,0.9991400552443097,0.003945229074762236,0.013815723006970516,-0.03889358522608001,-0.2175078452188785,-0.05802592259943353,-0.0018696211656410236,0.4502445343722266,-0.30140503593933976,-0.07028225695035903,-0.24471567391116536,0.06623792994498384,0.015472140856219821,0.402361400168074,-0.18387980366229822,-0.06944463646729984,0.0025331106251081396,0.10016305876346512,-0.08097317152982024,-0.6909402282532331,-0.022536980237092663,-0.6752130056093617,1.1695541093856001,0.29492143674180854,-0.3219274535824816,-3.151235700588071,2.7415060077248756,0.22625106741506096,-0.08637554761660646,0.9016333739525192,0.33505422471474744,0.0061960859246325585,0.11224789556062696,0.22533225829436315
1.6520000000000001,10.534665463205323,21.663365675868725,0.8179702130653433,0.9984423151704994,-0.006485901398213864,0.01402574320664784,-0.0536111451801295,-0.1994818332530584,-0.04288029186157279,0.009648542580564983,0.4077185121036909,-0.22938990955103555,0.03470159315246788,-0.2625360390106463,0.08559979724703153,0.01901919682553625,0.44180035894477077,-0.25272583065401305,-0.03650827797376156,-0.004975955335712958,0.08773959855483857,0.05005427127615095,-0.2056945298572708,0.04767056674491441,-0.6437600366596791,0.03045447454113827,0.30866429787471306,0.5257406490327279,0.016855335702974927,-0.3374068971463817,0.9941135559292045,-1.0934057092997582,-0.1327894205207583,-0.5125985671117492,2.702519158443092,-3.3140531117935983,0.9670848321453567
1.702,10.534733854400132,21.66614831273477,0.8205593178486509,0.9973624400072193,-0.012487332841848048,0.014106751002571421,-0.07009443171531705,-0.19276870487749062,-0.021920765102606227,0.035987041475929106,0.4053732175559211,-0.23970358406291797,0.061649988874075225,-0.3249537434202568,0.08004977562074878,0.007258638793116868,0.6045779657111084,-0.370416459931933,0.0024273512440723937,0.007254657023413963,0.030326838841648072,0.042805490755905194,-0.25373195622214206,-0.033449567281934274,-0.6479532226224042,0.15726466594535515,0.4907482624143853,0.5017407991044575,-0.006887458753328265,-0.15309648844039472,0.25687469525216233,-1.0516687578687491,-0.1183160913053197,-0.003985739797817994,2.533180138141054,-1.4691477867497909,0.6101495294424317
1.752,10.535259082374077,21.66688299315715,0.8220232348727669,0.9959767509616783,-0.017894260107494408,0.013896317905585258,-0.08670063060722985,-0.18535523718790214,0.001813001715830783,0.06312978437472383,0.40542553718257596,-0.2474076470658663,0.06792761287384769,-0.3685517828369087,0.06883710023761036,0.008835513733196477,0.6899120544309667,-0.4107418882435034,0.02929809521511569,0.01517825750832685,0.0005268201854065253,0.01844447318264044,-0.15375817528249394,0.0026609546970932938,-0.6686800689312351,0.1463076892020765,0.43547843061406805,0.5562599360156937,-0.0009234602718940325,-0.16024120965558947,0.032306996045907546,-0.6889006300444793,-0.3152294537806838,0.0035032271617558876,0.9705576446197939,-0.37922832107216575,0.4738743707791135
1.802,10.536288639219402,21.666157053095123,0.8225258484675928,0.9943519701108947,-0.019968807384601866,0.014532303711137258,-0.10321927347673393,-0.1782146125801377,0.019986844365819188,0.09188302374458403,0.4041275530955027,-0.25488579143100704,0.06819815377339455,-0.3978719139866355,0.05122882521626529,0.006405272189929576,0.7184656897977689,-0.4217556573130544,0.047467474150213185,0.025761122647810223,-0.02896064388636919,0.0036943373216716644,-0.0039016525937659533,0.060883827099953367,-0.6588776372054992,0.14027587252334178,0.29302547929329514,0.5910201523942337,-0.05874599639397348,-0.13242461843222203,-0.008638781695007262,-0.5192077086871499,-0.36132624716765493,-0.10963232675429022,0.3429120256837146,-0.133794185882949,0.25808772720320977
1.852,10.537910522292831,21.66397840655112,0.8225381039969314,0.9924756237839679,-0.01779745698170189,0.016326741821271543,-0.12003676195694817,-0.16951981657612172,0.030479398159187425,0.12432710597830227,0.3958107799027921,-0.25881731058839275,0.06730502581006963,-0.42194212205890225,0.0305849610756706,-0.009323329456394896,0.7352050503947728,-0.4256247773735603,0.053195876327860284,0.04007911654931748,-0.05819665518742771,-0.0015833479297081418,0.16608339976717454,0.11787140998689961,-0.6849219700234399,0.22405865609844586,0.13605619638725044,0.6959162114351266,-0.27957594560872734,-0.024947684150388283,-0.034758962716650604,-0.3958111644911885,-0.4436999633984938,-0.48627317307809714,0.26893518958156937,-0.008496580810818933,0.011474050279069135
1.9020000000000001,10.540432539576768,21.660139732457186,0.8223148293363141,0.9902792585031034,-0.011844844588318115,0.01830033574788131,-0.1373746248283775,-0.1549184677890995,0.033937905776627586,0.16076680107212946,0.3772403315714139,-0.25857921157006575,0.06420133164919538,-0.4320182764609845,0.009591580549443597,-0.03823478386752652,0.7369858699191822,-0.41303203035493313,0.04849506537231244,0.05962201769182473,-0.0943571159750116,-0.009621789931174192,0.3000236111084126,0.12048299676601071,-0.7044555893187037,0.3418305032536228,0.00972963771128133,0.7560228361009338,-0.4194554498085943,0.011105919744116888,-0.08635110699631819,-0.018182740842798778,-0.3715503870454995,-0.5968023354029228,-0.1768300254605518,0.4620518450606401,-0.14673979054456526
1.952,10.544183827176639,21.654455397835335,0.8214357466961689,0.987660145484531,-0.0026998619766048656,0.018702288292216027,-0.15546823527466194,-0.1322004889216922,0.030821623511799488,0.20067129983224608,0.35379015645152334,-0.2585938893414194,0.05846531414010862,-0.4130149033604688,-0.009844091880734233,-0.07697403035410862,0.6893624575123735,-0.35060373915640414,0.04011078734121678,0.0899443352092434,-0.13263751677912336,-0.030093863560396415,0.44220636162910115,0.0212585813159295,-0.7335952000662489,0.542013396922628,-0.13358246154007777,0.8181003304220519,-0.44180973442434845,-0.051042057122670514,-0.15722297284245318,0.8059113380721853,-0.3471678711163722,-0.8401713376247636,-1.8346381344197717,1.9334417132022834,-0.08537998906927817
2.0020000000000002,10.549299647853287,21.646937816065947,0.8180258587620365,0.9847812171751568,0.010758993487721184,0.015183006085450215,-0.17279952165546533,-0.10807214461442213,0.017766548214656053,0.23946508175266396,0.34946919410590116,-0.2720539699294725,0.04727072929154979,-0.35333974002138074,-0.01874837376772464,-0.09895281154808479,0.5561842793138564,-0.24149808886400648,0.03893121964302248,0.1112914903610486,-0.16104429984936622,-0.1204241225343729,0.7331138373366191,-0.11667571842009719,-0.5966000509008029,0.33415669495338834,-0.4444563986272783,0.6846421192391657,0.40847815274141985,-0.5547045123866097,-0.28155422058825474,1.439625176691506,-0.07987336030655534,0.11547482820344107,-3.112462776694849,2.057029391176449,-0.005382581472006823
2.052,10.553438281449457,21.639109326039375,0.8136613572138255,0.9822981272496999,0.025161899528400273,0.010311503538606654,-0.18534006827620655,-0.12831088195125342,-0.008082941336889773,0.20259786064609447,0.4280427019864891,-0.30425523984089864,0.046745295595225084,-0.3216559924073756,-0.011567190869644875,-0.05453257742902645,0.48860683144263506,-0.20440787353125428,-0.04735460916733946,0.049823351500845256,-0.13182638827935503,0.02101921790184059,0.35730147122748135,-0.03685367861382628,-0.5805343464624262,-1.3540907345880329,-0.9547517129662563,-3.565357207265414,3.0246231572042483,-0.9812858706970626,0.18150730752958,-0.28051403894756816,0.13854508279129005,0.7176414682268529,0.7171706783738699,-0.3838981692020187,-0.8294317713341083
2.102,10.556095954996305,21.63403350805686,0.8158819266001799,0.9795599873175811,0.032330362070700065,0.008218960942916465,-0.1983669015127699,-0.2109926859054557,-0.056181789482736465,0.05761005519989433,0.6105329079015109,-0.39018331073943746,0.030951148213119586,-0.3249475763526665,-0.006987150585052998,-0.023566554061893185,0.5036424339381828,-0.2129819567362605,-0.06970024343060398,0.062101504578616254,-0.08716947937320525,0.046552831201846716,0.25858276942031216,-0.05919597723449637,-0.5274425178619475,-1.455095013126608,-0.5220006881616805,-1.419679066117751,2.80680779056599,-2.2316114340034394,-0.5829751195288083,0.1031790357640313,0.1036673568743278,0.5817024016205349,0.01450849193212785,-0.048080173850319374,-0.29172288906347515
2.152,10.559905088038834,21.6300034711365,0.8176472297924118,0.9766230320115628,0.03642905994996389,0.0053205306086979475,-0.21178307035678173,-0.26673751396426765,-0.06496696651235626,0.021530378851565755,0.7026523488598623,-0.46430326406914924,0.007213944136131115,-0.31483324595715617,0.00045055997688809907,0.0039104186868503124,0.5005680083286519,-0.21513009654218018,-0.0787247319951726,0.08977509336219477,-0.0713116037719627,0.027122129585303457,0.15174065887340663,-0.1180784593858308,-0.5737380527198481,-0.7849162618027272,0.029049926524635564,-0.24565534833768113,0.913869962358224,-0.5551024248244317,-0.23019099851485525,0.2461609591565359,0.17277010685818717,0.5536580354775053,-0.08057373805582119,-0.044750207432959405,-0.09416381327183371
2.202,10.565057522491308,21.627004199043967,0.8187809954516341,0.9733273832137931,0.03810115793742828,0.0022455085220331825,-0.2262234836207185,-0.29236171363772884,-0.06201877843392024,0.01614383259517644,0.7171705258133223,-0.4694685951549813,0.0006650964384053782,-0.30069549241332044,0.010554385830982843,0.031155583484685258,0.4949542520295369,-0.21686021356959648,-0.08184035299272818,0.11380697596031684,-0.049299884220930235,0.019851698896898296,0.042275664617097045,-0.12839931999571644,-0.5913105547018686,-0.32523572766278624,0.04158291900344176,-0.06497174195477981,-0.051758366017999935,0.11420002577737688,-0.09799275613208236,0.3163195257271497,0.23456966543786037,0.5255855233403868,-0.1577379303096986,-0.01720319220478012,-0.04621932073461396
2.2520000000000002,10.571270560728092,21.62507983423942,0.8198268413159728,0.9698125781963712,0.03661924433044004,-0.00010700111051973589,-0.24108625565870997,-0.30075613006825386,-0.061628470831940736,0.013640325307755018,0.7050710665169005,-0.4565714918294293,-0.011109708377368726,-0.281912046712954,0.025052328147244847,0.057152587736257754,0.48145991300379587,-0.21490753628418657,-0.08439821871491397,0.13332860437389368,-0.029528121490000874,0.022270108285532626,-0.10216376989713284,-0.12729124374443884,-0.6163148104997981,-0.03383668625324826,-0.013505352720941857,-0.0414875869220777,-0.38063700797258654,0.3098402350640217,-0.33612444857065354,0.438896413686145,0.34335026958886655,0.5062583026700876,-0.3894351775331119,0.09861288756679183,-0.04585669086533379
2.302,10.578381381508674,21.624046805560173,0.820907060663257,0.96612441502529,0.03146596463239044,-0.0013708464422211197,-0.25614766940541683,-0.2954306364863647,-0.06293356365415151,0.012086817105145456,0.6758499689630831,-0.43914160162348065,-0.02715518605288564,-0.25720483607655953,0.044863648668860945,0.08132924140658732,0.4562612046099262,-0.20728819525340197,-0.08541882612772915,0.14912438528954888,-0.012571254266650875,0.018113877827613797,-0.2588429764471085,-0.10756914665041213,-0.6122857368870465,0.20966910244966278,-0.028252339296666297,-0.02008820046267986,-0.7559140913328876,0.35640842709317216,-0.2692345320221415,0.5210773093067599,0.44536563334638996,0.4547894909092381,-0.5806919559613473,0.1883359080577339,-0.00027840942273035384
2.352,10.58643930138028,21.62368005198596,0.8215731426458481,0.9622563365201788,0.02248178791452961,-0.0013621295941298663,-0.271211092402023,-0.26931521703351224,-0.06342904977950486,0.011948012518401408,0.5973833437074613,-0.4043968158539419,-0.03679252506292543,-0.22813742479986132,0.0702306320956866,0.10364981686171035,0.4226826439303147,-0.19601396857301492,-0.08268882013043626,0.17238990688433703,-0.0031230706491655056,0.003740762435561498,-0.4242248978250105,-0.11320756392783858,-0.6245888383833733,0.8511126418211609,0.01055329053374177,0.006988734424263854,-2.479193468780661,1.067286772694258,-0.10183382774800359,0.605218643786917,0.5669309206583726,0.4292839273820945,-0.6903654435424272,0.22674151115970065,0.11509073047139201
2.402,10.59529604820142,21.62343039809744,0.8199190537368004,0.9583153604142983,0.007982397374435264,0.0003801517043932601,-0.2856007822308111,-0.21044625308191223,-0.05587055183790139,0.011187098334442248,0.42764136546305465,-0.31904549106003455,-0.038609847509634435,-0.20439685466208213,0.1060552839652583,0.12009307500289175,0.4018551962264834,-0.1918718933307508,-0.07433322610589863,0.1724761025350193,-0.008936566457954535,-0.07556150319765656,-0.7257530660674997,-0.07902095563900446,-0.5233823126209897,1.0498255297371348,0.2541509293567845,-0.44198142363421344,-2.8036181774624045,3.5675824154833378,1.0369426631872862,0.27241445069342957,0.8669386863655815,0.16997955848873475,-0.04973690143294491,-0.10001193352772074,0.2002676808145366
2.452,10.604184009776864,21.62321323856276,0.8188527208590177,0.9544690451693054,-0.0024022508760975893,0.0028889825937393958,-0.2982863134370983,-0.1842675754774304,-0.03915995282560038,0.018809765705631226,0.38194855493100494,-0.19288902098981758,0.027302985296104497,-0.2204779264629617,0.09785584270446078,0.06399841741898041,0.46013886844316415,-0.28874149765313967,-0.04017429403688158,0.16981922961654008,-0.004822619575847253,0.04146343505295363,-0.19617710429502835,0.05740584256627956,-0.5630050814583979,0.19542537133931584,0.2358614938184236,0.4155213473455387,0.15842212093609623,-0.6796809323690503,0.9596900668877203,-1.136932984240309,-1.0268117544448971,-2.285953062843856,3.0856156330764777,-3.4257439916878996,1.2246236858873472
2.5020000000000002,10.612104708889264,21.621050288857194,0.821009170687731,0.9499406408696306,-0.008084852704994505,0.0052642703056364855,-0.3122814458770836,-0.1704866622440387,-0.02034982532243948,0.0396361599577421,0.3879962451728275,-0.22453734893171803,0.055296228213997545,-0.28504778396477315,0.06954899317366016,0.020886203796995878,0.627402910833385,-0.3896754291763058,0.009082948361825377,0.15017883268379212,-0.07434378398212393,0.0361543689073226,-0.28694308900193216,0.01346145697776251,-0.5866227096963584,0.2940969696338761,0.4819216590382807,0.40035394614931624,0.13181941970259292,-0.5189871872017039,0.26966562862154686,-1.139712934336676,-0.3147591549887831,-0.11083881610636064,2.404039974023978,-1.0727248095958881,0.7816564231072858
2.552,10.619232854150297,21.616437137650514,0.8221913644124629,0.9446841130569967,-0.013656745103793394,0.008133290609318364,-0.32759619874893214,-0.1562819484801135,0.004419836595636242,0.06425126277988266,0.39349842332870466,-0.24708162619777085,0.060638649912656765,-0.3393252189677516,0.054870054518705594,0.02073887569176582,0.7083302705400657,-0.4126551251594382,0.03673149071367526,0.13765310655269125,-0.10825697505181352,0.012713638265009637,-0.19167078786090141,0.07297789299186012,-0.6656797542107471,0.2826621239984673,0.46353958407066903,0.5350371349829327,0.0791706579262139,-0.4144400431470624,0.004606902131464015,-0.9769852771530637,-0.3156154189939115,-0.03793397977261403,0.875982998391277,-0.14190493707051627,0.4046272313473978
2.602,10.625941833506047,21.61019042762969,0.8223569594647017,0.9389805401753153,-0.015413059521580202,0.011209776787562534,-0.3434418781579047,-0.14135713002233286,0.023487666182208638,0.09304228262824332,0.3940019208977761,-0.26625710283959075,0.059160478368198925,-0.38406281766348044,0.0385582008171162,0.013727205224348605,0.73185511064605,-0.4157161728217289,0.050377574682357595,0.13102384894580554,-0.14106746949373972,-0.00462678985002222,-0.022882000105563773,0.13395610181204465,-0.6726935517091923,0.3111940597185664,0.29973895821201546,0.6060798914952324,-0.05220224774457201,-0.3558012116994179,-0.05150318641437279,-0.8260053634786456,-0.3123263434082133,-0.22596163783679418,0.2385267857929011,-0.03655651029606204,0.16989028492529515
2.652,10.632430733758648,21.602261645036084,0.8218748749612284,0.9328537314276985,-0.012432385464693666,0.014169112611374062,-0.359761848728964,-0.1230480554809772,0.033659007451846995,0.1268996447357543,0.3843946359380944,-0.2807287923891821,0.05648876128591994,-0.4222159793783335,0.020968781842216566,-0.007909452892329265,0.742558714067078,-0.41629727960641616,0.052391207714225826,0.12978602505753273,-0.176706801636534,-0.013118580501695795,0.1589313193695553,0.1836746811498862,-0.708356132206181,0.4372418135022298,0.1157623616292337,0.7315551823592166,-0.3337944325049695,-0.2256226718058406,-0.06032123430535514,-0.6519890746325646,-0.3789894580675468,-0.6018710265143697,0.14388154637810027,0.050704314368469755,-0.058112652427593475
2.702,10.638946711908131,21.592262208624366,0.8209673282761812,0.926244046823555,-0.005634566207216757,0.016107551419666705,-0.37653786552595603,-0.09697255630706102,0.03537165834780087,0.16517240332257224,0.36202980684807057,-0.28990142738946917,0.053155689689795914,-0.444334422692339,0.0028832877174895803,-0.04217595944776559,0.740079141533489,-0.3991290830625304,0.044413547106257154,0.12989784992696635,-0.22246704275309026,-0.0250865133199829,0.29132460729548193,0.17670685246596649,-0.7223544320958725,0.5789638796802203,-0.03138989527018625,0.7858129531219452,-0.49791114911515827,-0.17058189158212006,-0.059313931093593265,-0.23288905132837706,-0.311826415690762,-0.6923832342083507,-0.2525190482922436,0.5627168523479557,-0.2003514692825439
2.7520000000000002,10.645554972535827,21.579809637921077,0.8191486451009626,0.9190518237413092,0.0035840199828181944,0.015751770497431494,-0.3938055126642253,-0.06289601464334758,0.03017967248343426,0.20640239018303919,0.33538290249248265,-0.29872628484763114,0.05041241232243237,-0.4368274276890052,-0.01233918472041698,-0.08478862159892445,0.6932140030199783,-0.33336454896907497,0.03310505023905983,0.1329229224254161,-0.274808950501319,-0.05367184661977294,0.4159462952225811,0.08078589450567472,-0.7483788803758543,0.7440141099570802,-0.16734618805789397,0.8276357132774815,-0.46481292952548087,-0.23646386729899777,-0.1003431728440801,0.5526187264364085,-0.2167198558541031,-0.8887539288092071,-1.718377638996817,1.9371227341248118,-0.1893337284498533
2.802,10.652015470307596,21.565006108584242,0.8141438914215036,0.9121555858921683,0.015793977446529304,0.010724725103764559,-0.4093992155263407,-0.03352673039322644,0.015307494475281024,0.23901920791002385,0.33832027867406705,-0.3232535310513784,0.03873235311539093,-0.3901261565182962,-0.010604586188833899,-0.10553242172639718,0.567003556437562,-0.22092996476398863,0.021639268147025055,0.12793979390589985,-0.3074844190895987,-0.15776236672194754,0.7347709248891215,-0.059568104358120516,-0.541336290899873,0.315274950339394,-0.5303361318975665,0.31546607313427655,0.7760797577008749,-0.7860320288286335,-0.30456428769526306,1.203379216840291,0.19738005799530972,0.23327462860833328,-3.0235245115040175,2.202891030828007,-0.2886930037419341
2.852,10.65680171310266,21.551337379546066,0.8093396970161962,0.9066102700244891,0.030588077174576657,0.0038972156614627373,-0.42084082445857646,-0.08398212520598525,-0.018217574938055512,0.1533331789356055,0.48329818423051635,-0.34959037584151736,0.027052982663019823,-0.3717924564226619,-9.441282474209247e-05,-0.05621825131232576,0.5292750871328515,-0.19283497936135105,-0.06890003966720612,0.06812344096046159,-0.22575992084786764,0.013808811717234235,0.43379218187959834,0.06549647151672847,-0.5363201823878028,-2.229524035076562,-0.9088439316491111,-3.377606034421118,4.891501094003594,-0.5392732049736145,-0.06310266952820702,-0.32665774745921333,0.039511544602382584,0.7024106499768681,1.020249167557308,-0.8531087582507387,-0.7115358318548602
2.902,10.660779981455157,21.541009926417125,0.8111129009872696,0.9009055174695398,0.0388411589981943,0.0007086160622278434,-0.4322731900359948,-0.18656852906669305,-0.05523200124752667,0.04204338530540094,0.685643471628127,-0.437564413521867,0.007885770035163454,-0.373384842442851,0.0017037587605794773,-0.025435396980238036,0.5566760911546866,-0.22114580453703198,-0.08779548404724276,0.09031503575571724,-0.20402316859698721,0.04053374207322515,0.28550114994502107,-0.06928494806136862,-0.5404996497039775,-1.563676170962938,-0.30359300893591357,-1.044822998236941,2.529797774780885,-2.0018438036704227,-0.5309199755629376,0.2375133521613615,0.1072121566539345,0.5907353406867922,0.18987892381024266,-0.3777554091362069,-0.23941286492625916
2.952,10.66583361131997,21.53105488916421,0.8130252643666149,0.8945164687234297,0.042746266183865865,-0.003285365897459145,-0.44497443778359336,-0.24767857698761797,-0.05848964715363153,0.015781035512838385,0.7558073378067547,-0.501076648928962,-0.007553026616422934,-0.35548001321361017,0.009248449624355125,0.0030923459071689058,0.5573156922123047,-0.2356444017719349,-0.09372844740056424,0.11237323090639806,-0.19261516856331914,0.036269020932504704,0.17251620458817854,-0.10923240028927014,-0.5915235103676295,-0.9313173283614375,0.05285723112683447,-0.18416173432339333,0.4784197338605062,-0.4802245947200701,-0.07253782245326049,0.42115751421477393,0.18126278622595215,0.5732600185805847,-0.08954875693333122,-0.21829504372108094,-0.04224239596580551
3.0020000000000002,10.672003657074843,21.521842112415737,0.8146970841626348,0.8875203999333797,0.043985858677368934,-0.0064443134186699955,-0.4586188556558384,-0.2839713693751853,-0.056960831666548764,0.010209073574243926,0.7558019278769914,-0.5027938927100165,-0.010588604660797678,-0.3325615689982933,0.020178693345926698,0.031059342348684908,0.5495471164448449,-0.24403369237818326,-0.09575690822924988,0.1323288093687189,-0.17640966014594103,0.030693932426658566,0.046468744141673624,-0.11950630501523402,-0.615994692864043,-0.5799566834781422,-0.00012692603228321372,-0.07630617691141472,-0.24100972738197388,0.2200925905217629,-0.09286019142945087,0.4903134773687461,0.2584250140748179,0.5372908748503268,-0.2157600834022984,-0.128139472586742,-0.045463134741678415
3.052,10.67904357883746,21.513445073585263,0.8162507823935491,0.880239841170188,0.042142125828083854,-0.008135486191151751,-0.47258404237955914,-0.30640196746652015,-0.05922833944092788,0.00692007563698379,0.7374557457950885,-0.48047058431182343,-0.024229951988573282,-0.30558762938303186,0.035502701666383266,0.057184644210379644,0.5333840413405245,-0.24719324304796497,-0.09847108283219731,0.1484013002618371,-0.1611242723272358,0.03159489128928289,-0.09233169211280236,-0.12438406119629042,-0.6292726770147241,-0.32374746047641334,-0.07601338202668548,-0.043736728176696105,-0.45317064511307376,0.5443680171243046,-0.37606341323261244,0.5926818911807499,0.34787445549667584,0.5040858091484739,-0.4277699911907232,-0.007828804195086806,-0.04965316989210304
3.102,10.686847262570419,21.505686538792247,0.8177903922810575,0.8728953231786044,0.037178759013524215,-0.008233182512042867,-0.4864192732169001,-0.31505602089894647,-0.06366523864722766,0.006356395148860134,0.7075592815767945,-0.4519524800688693,-0.04090114012467782,-0.27346320734183055,0.05487833428750497,0.08112912296759474,0.5067699413892104,-0.24502892515353467,-0.0996743364054961,0.1624252802171632,-0.14960665372502321,0.027967018893748703,-0.23348078807142483,-0.11404807802254217,-0.6138111866338338,-0.04871265970238646,-0.09561549187387038,0.0018981061470713214,-0.7240389382409099,0.547075742396515,-0.2604872880312515,0.6692008334639368,0.42412274906086667,0.45044211112444354,-0.6093834859144944,0.08210782485696909,-0.003149941189609034
3.152,10.695418181491993,21.498287964458267,0.8190694214916913,0.8654879963291373,0.029282535057487437,-0.0063144875842270146,-0.5000331874959206,-0.3027536736213167,-0.06685627461802013,0.008773668841603088,0.6379312354992345,-0.4117692222071901,-0.04829590626299624,-0.23737787685889156,0.07845012537503417,0.10353853547457564,0.4708342777650698,-0.2383439201763903,-0.09735815432597962,0.18021800337896118,-0.14731845078257394,0.019293057810157756,-0.37408255482172303,-0.10532761656418668,-0.6257569164669203,0.5584756059028675,-0.022951597121136497,0.10037577689502795,-2.149455194622015,1.0536947336239249,-0.034914563533870034,0.7479887882890551,0.5161239756812407,0.4453773240701636,-0.7706585133948946,0.1557009638726117,0.10067999415493387
3.202,10.704678914988849,21.4909130349101,0.8186173275440132,0.8580247985818791,0.017795673664801066,-0.001764123220699611,-0.5132968409084586,-0.25694154536625613,-0.06359485808886202,0.013938235513394726,0.48256108228213784,-0.33834361626829246,-0.04919705062207417,-0.20482388478959393,0.10919797572495116,0.12296725411226826,0.44136103579790803,-0.23537847661173691,-0.09009604633021974,0.1817553466768384,-0.14794899920168444,-0.05433145212168992,-0.642060212726009,-0.06652920393647697,-0.5662952736463885,1.148064677243755,0.2244133480496555,0.05254850751813416,-3.6968717713960637,1.663946556663472,-0.03069351323124604,0.46671152904754465,0.7818858817611104,0.26584674667681774,-0.2575275981057215,-0.11200583539292006,0.15268032552725305
3.2520000000000002,10.713523856650005,21.48357315721633,0.8162595895555411,0.8510636562989904,0.005918672355114724,0.004613657007819007,-0.5250088917471396,-0.21968213845604254,-0.0428245180245011,0.019954077805309545,0.40099106780533494,-0.18307410679802583,0.01645030785547834,-0.20638569178179073,0.11879131029083985,0.08777802812500025,0.4728698422891041,-0.28107928788548103,-0.05323129898228016,0.17097939033487417,-0.12309387554373491,0.013685515200854932,-0.24845347937742912,0.10279187426831166,-0.5604361855050529,0.055284532660420355,0.29685107939428934,0.4083210286285562,0.4278588529599844,-0.5579534796249214,1.138950733248217,-1.05728005856919,-1.0491300564345691,-2.5728337316644785,2.5801748057398517,-2.4809257860950766,1.3104739729157073
3.302,10.72067193757798,21.47619704319039,0.8181581733094444,0.8429469884865572,0.000939561226365879,0.008994486756561067,-0.5379206177812222,-0.2078488135267843,-0.022930039450198936,0.040743458357915804,0.4162769516254051,-0.22443736707387513,0.05038402237052487,-0.2743706219872311,0.07988478256584731,0.018280362648863305,0.6451159624342313,-0.37758273683286736,-0.00542327340290511,0.11759411977617903,-0.17170359324184076,0.040204981363723094,-0.3043086099007082,-0.0039616560644088914,-0.6197759970317022,0.34649047302884045,0.5179706239522747,0.3969485739102308,0.21997499795440234,-0.6961327171923748,0.3248523008184154,-1.2803211404122887,-0.3967665598872826,-0.1702279520349758,2.8571890475980246,-1.203462732207955,0.7359625454223168
3.352,10.725665012236616,21.46700412128915,0.8197003480007761,0.8340382023580569,-0.004919525147145385,0.012988257183045226,-0.5515318489942488,-0.1889607644095296,0.0042139824254808535,0.06375752876267841,0.42299030451284697,-0.2524918301966911,0.05718583102056518,-0.3315545113207474,0.0609280666076788,0.01797183709583648,0.7340254200618473,-0.4104984886382056,0.02676984270658903,0.08611833343511976,-0.19422981513971005,0.02220175291229102,-0.2293586691264789,0.031866438948661924,-0.6654853876417381,0.40715912719114356,0.518054753673414,0.5030444195866024,0.044061561997234155,-0.4743923454753147,0.01380037442114077,-0.996680046939666,-0.40118086369168154,0.003563092807815073,0.838336522064706,-0.2939679432255777,0.5131012082269537
3.402,10.729318098557748,21.456821952294508,0.8203249414138846,0.8246857760733769,-0.007114227155455126,0.01626259677816738,-0.5653125564325128,-0.16821239073228242,0.02578715035546136,0.09109719243097612,0.42105341862482637,-0.27345056152495417,0.05612573713918606,-0.3775818639412723,0.04018800579975126,0.01370378551867685,0.7511135216686918,-0.4180321974693198,0.044563291546090816,0.06095553056179273,-0.21267862925864262,0.0040081811619570515,-0.05174284168040036,0.10575479323742844,-0.6679074367761713,0.41997250234055816,0.34216621061788627,0.5875727340682176,-0.11499217290716608,-0.37180336514640533,-0.04571492832744122,-0.8764024081334171,-0.4045787755411053,-0.17012695784029355,0.0895344108895817,-0.07690490106180188,0.22574638874063374
3.452,10.731814710989232,21.445618074523328,0.8202422708058484,0.8147859015453498,-0.004223454094484182,0.018307661588267514,-0.579457441582738,-0.1449767990529779,0.03750039532534353,0.12442147471755925,0.4079876716008883,-0.2880962348806623,0.053771351995912195,-0.41922916417723644,0.017643555433697104,-0.006394624604357684,0.7539514469369683,-0.4189428398101202,0.04859359829454708,0.04002946497417207,-0.2371401412445495,-0.005856768809718784,0.15024611390404607,0.1674044568107184,-0.7032733838025302,0.5250505274411036,0.13393661150224204,0.7317989891962103,-0.4018098736876071,-0.22165782219980726,-0.03563586390002986,-0.7439873855465642,-0.47979163862256335,-0.5889864571054594,0.008404014736014804,0.07706853094121272,-0.002183765146393778
3.5020000000000002,10.73321534469428,21.43281283005187,0.8196660240655234,0.8042683733349807,0.002651550943809316,0.018257755845795184,-0.5939798037662318,-0.11481860136827993,0.03956070923205249,0.16338238443810926,0.3824119170591934,-0.29694419981463094,0.05321284963714589,-0.4463366584511833,-0.004821061090421037,-0.040514831859903504,0.7454790145336432,-0.39896739051900226,0.04390587818633451,0.015509189131700655,-0.27460641292960114,-0.01957286341441647,0.30139343694157195,0.1628337572052801,-0.719039103915559,0.6599895517694686,-0.03213813780687212,0.8096770007830646,-0.5636331662621872,-0.16687727137902153,0.004566925613747705,-0.33328602288336423,-0.38111022535497313,-0.7000141496061563,-0.3640465999319697,0.6386600978989501,-0.1340842961637484
3.552,10.733408094263192,21.417859239136025,0.8180113184069857,0.7930518217497268,0.011577294318718177,0.015014506356565116,-0.6088590468035815,-0.07652838696336486,0.033560595600032585,0.20574306473872958,0.35285946009603203,-0.30631650691110085,0.05478801393359232,-0.4425697354642095,-0.022345423177275323,-0.08378225766495039,0.6912346322530767,-0.3250877183032268,0.036335038152709276,-0.008733819376046314,-0.3217416369034922,-0.05376195949638562,0.44451726471534614,0.05728921161805885,-0.7411219895624336,0.8173770848155777,-0.19805880680724156,0.8420713097541669,-0.4945147241095764,-0.26640709244748684,0.012498526724827118,0.503462261500945,-0.23254377085300054,-0.8864430476754155,-1.9209393667513333,2.1811194013029107,-0.12258804384585363
3.602,10.732299390029548,21.400977696750687,0.8125866411243365,0.782886114411474,0.02257325970388451,0.005929704219505342,-0.6217271253660355,-0.04589685436192176,0.015469092348793654,0.231910228940998,0.3583983767796884,-0.33139083090224286,0.038945305081355255,-0.39660040982465167,-0.01953347970638211,-0.09875071889303282,0.5515744960673281,-0.19954507787241813,0.02651562053147313,-0.02562689529094576,-0.345333887469489,-0.17618197000816513,0.8064944519655788,-0.09789545014490228,-0.5130870404527806,0.27311433093484405,-0.7178535386621995,-0.3423899560735034,0.8878089929635343,-0.765114853577668,-0.5609810092619807,1.2070074206288905,0.22644072943489021,0.4995299743037477,-3.3107422584386574,2.4215362109526017,-0.2898670738954671
3.652,10.730428706561327,21.386799210384392,0.8086640239114549,0.7738201518476636,0.03453272159959092,-0.003515969355634516,-0.632453556945388,-0.10469487899191557,-0.020573578363837924,0.12817314009450378,0.5150240584478731,-0.35228331078447556,0.026038454644901506,-0.39135290837356485,-0.011064429277874703,-0.05195336027373316,0.5434253764483982,-0.19610909546573993,-0.06483109556527746,-0.03269555679612387,-0.2289296597522208,0.020809648523146894,0.4173939182703891,0.06342022938923683,-0.5335322334058952,-2.251052857012478,-0.9421068027397402,-3.1698946387484943,4.849966810209674,-0.8907480730831763,-0.03704830289965336,-0.34258085025383955,0.02311222274246586,0.6825831029541779,1.0318189256093806,-0.7295067772999851,-0.5910425798498711
3.702,10.729692901021227,21.37589388991843,0.8105543955557848,0.7651931863044047,0.04120465719776573,-0.008496484489364829,-0.6424246053894956,-0.20185276227663596,-0.05454187953563456,0.03170661076576085,0.6976252393018839,-0.44612961826949216,0.004138044120946141,-0.3918538089421868,-0.008724738432484778,-0.021181055252910266,0.5684806116354618,-0.2195558353188536,-0.08207008754768222,-0.003997980395717476,-0.21943458866776733,0.041954811925928176,0.2634720027654222,-0.08806071735308085,-0.5552038272568148,-1.4454847019048678,-0.2598480205344042,-0.8781472713205262,2.174201602434058,-1.8740850013292816,-0.5430290286049018,0.2714128213671162,0.12217202803107892,0.5882144487161929,0.14073966131922733,-0.3272608435343419,-0.21748763983174385
3.7520000000000002,10.730108248315736,21.365030443697922,0.8125654163353544,0.7556390118464928,0.043213387547946944,-0.01321146855912444,-0.6534276884329272,-0.25786631071746813,-0.05652499792824491,0.012213297320061914,0.7551022160073175,-0.5040451401177846,-0.009834447901936426,-0.3724858058860765,-0.00036320221811296597,0.007170211234551409,0.5667712523513682,-0.23222511492739437,-0.0870864881333978,0.02141151460108233,-0.2145306138466861,0.03877207416440612,0.1411252961692687,-0.12677201111682032,-0.5990475002691625,-0.8461193476274499,0.05427472235965652,-0.10690060381467396,0.3239687185458918,-0.3953058390429608,-0.05171447427469332,0.4504859016297054,0.20032087008668517,0.5625038670515321,-0.14253371544338847,-0.1864782073142034,-0.034792800299094956
3.802,10.73095948970099,21.3552163891317,0.8145334457659308,0.7523697151973339,0.04221459812571511,-0.01421661590545854,-0.6572333125999966,-0.3068224461011509,-0.05068600132223324,0.0019197647008206034,0.762404856563512,-0.4891597056835779,-0.010483111981393158,-0.34722478087813385,0.003554254999392242,0.010916741583884362,0.5507206685336983,-0.23626285049028284,-0.08881506102552882,0.022925989731127513,-0.180869219023364,0.03270483310815412,-0.038450550489906095,-0.04299924903121922,-0.0509052323633198,-0.8053466929475012,0.4268065176533634,0.5586354344582547,-0.430272914773156,0.4000872311688277,-0.005990716051481947,0.46106303859816977,0.03272848108336988,-0.04025773837734623,-0.2797359172016503,-0.08071232180822603,-0.03401882569195174
3.852,10.732498260121199,21.34666793014042,0.8161198666716224,0.7542813444837152,0.038778508378918164,-0.013554652220915737,-0.6552649479828115,-0.3354718784425937,-0.03886187863529131,0.012035854995859033,0.7329703305575238,-0.4541006919200671,-0.02568952494226068,-0.31881174810375207,0.004459447294451543,-0.0008077218045952919,0.5301008317945015,-0.23956170358185458,-0.09123819783830626,0.04133202181206468,-0.15995954961229616,0.03198168427280741,-0.17937441179764374,-0.06411731885577025,0.15410422408856678,-0.3417710805015304,0.16612052991707857,0.21249005926221978,-0.7484451040962711,0.8736512095572773,-0.4455740927712679,0.6121807812625617,0.04543268630660266,-0.286992721152843,-0.5232443582253673,-0.021382126141142724,-0.039489430410923315
3.902,10.735190316622312,21.339307283911474,0.8176979035159267,0.7573369243837056,0.0334740749082921,-0.010697881708072891,-0.6520780816750577,-0.3420071573040479,-0.03605295067285927,0.019539117705504743,0.6900432119075468,-0.40761870112908616,-0.04574935328944316,-0.28759382220337965,0.00884797597971805,-0.016529639124162283,0.49894762537573617,-0.2373122618865959,-0.09174442226399727,0.06464622246116218,-0.1338364813347346,0.028085122533821675,-0.2939291567486078,-0.016400339377677965,0.18448320659376963,0.017687427296422684,-0.013397188551125525,0.11233317242289532,-0.9169996480976733,0.8939192808017545,-0.32965031709408565,0.6010796939884553,0.13585529811430933,-0.3325945331412975,-0.6847959748707789,0.09955298977641194,0.013488239758885023
3.952,10.7390434033395,21.333101416975406,0.8189716392341809,0.7605084101390209,0.02668609704638778,-0.005193558604569767,-0.6487586895612816,-0.3266365239326659,-0.03740814125581229,0.027091170913839096,0.6169042986399884,-0.3488640857686137,-0.05512486662929431,-0.2567060165984908,0.01849689657050339,-0.03321049119382242,0.4599389993077165,-0.2291869975648015,-0.08820398350110083,0.08913704441644213,-0.11547018697626196,0.019549191448129125,-0.4058179907992072,0.002670767045804265,0.16910847250923428,0.573079987396876,-0.034775005642831314,0.18745418820463386,-2.0009988727719,1.4085076010681574,-0.03964627625567384,0.6173489716624716,0.24788969499983024,-0.32919748898343376,-0.8252057908844022,0.19710322942709754,0.12089626729912431
4.002,10.744059346722798,21.327877795987195,0.8187710414151883,0.7630302351781875,0.017496874290896903,0.00286037655961246,-0.6461196002598173,-0.286811484584023,-0.03846149610005305,0.03500698206694918,0.48979893776538297,-0.258980630135028,-0.05755038324433231,-0.23097333574392562,0.03583931542153049,-0.049027724292743144,0.42642271790754416,-0.22249592808006557,-0.07984685902440951,0.10628716532878466,-0.09242111485744896,-0.04092425680591237,-0.6099670877461834,0.019148902246919355,0.09418293178186894,0.907100098459782,0.02424731663015165,0.025138152883995346,-2.806921829841459,2.012423425156404,-0.10846541514065158,0.33859179812329465,0.4941141463355506,-0.3096858833270098,-0.37577984702939715,0.002035119648749152,0.19655278099285078
4.0520000000000005,10.748944759571284,21.324278861502115,0.8160487085845078,0.7651107757014065,0.007189018408372776,0.013217464304377896,-0.6437228577247194,-0.2668429686738522,-0.03423824167853921,0.014572574326566544,0.4193706135089471,-0.17510147728523515,0.019533448302388026,-0.23063021540731665,0.061147881686421955,-0.05664149721164584,0.4385076567563141,-0.23768406896854435,-0.06212866602751569,0.08321041572623071,-0.033320952203422724,-0.006747341971168781,-0.32803275079406435,0.18742851990130552,0.20788865293507833,-0.5862616999907159,0.07176513315377835,-0.3197672866753791,0.8768332914556627,-0.6338560235084599,1.1176465700382152,-0.6801642999778194,0.45314110077371333,0.7477409175354959,1.6403382185008535,-1.1797563238233997,0.9480020322319123
4.102,10.75176377416485,21.322318198022657,0.8170041336558822,0.7668103450703915,0.004264938711386457,0.019612552033160053,-0.6415598590884274,-0.28209252526118245,-0.028177152364101385,0.0038790909396114043,0.4444373260882769,-0.1978880274352374,0.04753205871915784,-0.2828944291817351,0.07673646078005075,-0.014896385143358516,0.5933095285360142,-0.33796828347918945,-0.04095042604919941,0.027431534102023293,-0.05501305944492103,0.03844660522962848,-0.2781457998203262,0.04134923230938326,0.08844931063566952,-0.02493830889737635,0.20804156653449257,-0.24454691573468437,0.14107565855128174,-0.23095042975072663,0.3010727131176917,-0.9390828154194222,0.13489614143660203,0.42321978496487267,2.918860823784258,-2.074130464209801,0.2595089452391739
4.152,10.75200022828735,21.31916406954299,0.818853766780515,0.7681096950809024,-0.0002317726513009048,0.024083147464617313,-0.6398651769024158,-0.2795451360943017,-0.016825625201096473,-0.007937599704605326,0.44631548618625183,-0.20464475644854294,0.05617780838543269,-0.3235545467497586,0.0817125351256272,0.009217156519620387,0.7018238280661923,-0.4055404976475133,-0.020646740786753413,-0.014615318278518004,-0.06787252132447118,0.03222339561173452,-0.22673647610585534,0.01934363700249574,0.0992557716459568,0.06368354564299356,0.22312409289894852,-0.24445859773581324,0.0038729995979442148,-0.08115573969569445,0.09401915134661731,-0.6673942958276199,0.016622681294884936,0.3725688264092842,1.320819186524267,-0.6676926637869062,0.42837693093319473
4.202,10.75043427754145,21.315754577364384,0.8199964362242358,0.7697830663611027,-0.0028382376316779777,0.027148840120323755,-0.6377216599982839,-0.27717824782132017,-0.007870260250567997,-0.01868374475200467,0.44650567512746664,-0.20764919021211775,0.05867980411169224,-0.35239244075748055,0.07798430677767645,0.020526038138579308,0.7379042811686236,-0.42189236935764707,-0.00156315023606734,-0.04542448339408833,-0.0665812073528784,0.013465262011258583,-0.08546293677048854,0.03396322482593574,0.10510615686062777,0.029303640999320486,0.12484774147227488,-0.17097118579390616,0.002693622577308832,-0.04403355392177788,0.02080508822719971,-0.514751840130159,-0.1535927442817616,0.09038294465259933,0.32754981283696205,-0.1486831284558913,0.32466188213480535
4.252,10.747479490619233,21.312672622373267,0.8201918017552727,0.7712045865212332,-0.001699432483794926,0.02791521636805933,-0.6359727496937039,-0.27682473329510426,-0.005287665733849076,-0.023310932016450108,0.44563203391691814,-0.208313347252344,0.06005221542007854,-0.3746942869527365,0.06620334871648305,0.017407218009472404,0.7436467554210092,-0.428578251873299,0.013872389736501765,-0.07168747740650987,-0.05784979591236228,-0.002691439199999327,0.10566960453977788,0.06268212217493872,0.0785764905284683,0.004046781951122874,-0.016448522438408112,-0.020207061743121067,-0.05891450487612423,0.01827667856193049,0.05133640658718736,-0.3438602384023172,-0.3154721928779683,-0.23048658934928806,-0.08189661570460388,-0.10834463363033249,0.24749749112985858
4.3020000000000005,10.743125181796913,21.30989201080735,0.8198509083965219,0.7722670868658527,0.0033197636526505732,0.02611285095102702,-0.6347524279025866,-0.27559728666880096,-0.009643936822825792,-0.021396148753709463,0.43884616063536713,-0.20539010530495974,0.06387195718348473,-0.3826267721162429,0.049491701929713715,0.0016145213135698934,0.7260964435726601,-0.4274735786255142,0.02257647592116744,-0.10190333622348809,-0.05306235852947989,-0.011566547022773732,0.2873903637121942,0.08191004097929534,0.05661178580459837,0.03407852402277432,-0.15301617657544314,0.09453532813376216,-0.1942794398402136,0.086186687052521,0.11154522769960347,0.005288051640593022,-0.3145555158043707,-0.3246006783224563,-0.5653525628053947,0.13753986381410419,0.12157325437693345
4.352,10.737338379544568,21.30709571692324,0.8188298170111132,0.7732947372187878,0.011823957896159136,0.02111291755961191,-0.6335847915800343,-0.2718528000467253,-0.022039988854862774,-0.015192083730034419,0.42727879541579494,-0.20050446049402615,0.06870522012343705,-0.361843242955087,0.03200028827540805,-0.020098075635451115,0.6557839862911146,-0.3837875636449011,0.033000158676507504,-0.12618763819701284,-0.060864801358607334,-0.03624373926571871,0.4943050616449364,0.02275927467924875,0.09900688574131129,0.10349776944398327,-0.3568391832189898,0.1438514698141273,-0.1972409488232575,0.06843420286802467,0.014981547370163445,0.8981201259260031,-0.37791059285811646,-0.4670516417988838,-2.449040379613157,1.6752350292968785,0.40053689775717827
4.402,10.731021952683497,21.303856151623304,0.8145663110436018,0.7752730855455885,0.024285906263127655,0.009559081334036957,-0.6310867306081227,-0.26906825955120856,-0.04982064963898299,-0.006402774934355615,0.4301960533202091,-0.20433343320014513,0.04724160897428613,-0.29653362872319855,0.010594421528729865,-0.024595883293501757,0.49298444054169993,-0.25327983668746296,0.04844545883477514,-0.1287481464673712,-0.05614938425901967,-0.11256357333885267,0.7482849836718024,-0.06436538959410854,0.09885866226823062,-0.02139349334025975,-0.6025601198327731,0.23526956332071644,0.25409846883086373,-0.1795906117221442,-0.6922402097361632,0.6944365459911812,-0.3158908815642093,0.44063557519459423,-1.8861460730798214,3.9690979112823075,-1.9298892616127974
4.452,10.724528027872182,21.301221638784885,0.8146207766549944,0.7751005974881915,0.02980135344038552,0.0032621638085982827,-0.6311262166903335,-0.27428995641982484,-0.0571903151097466,0.00683596918685038,0.4589346772139699,-0.22374338271275093,0.0572267838343972,-0.2954981162073538,0.009192385821656535,-0.01822054943960898,0.4982099048300066,-0.24400548934746996,-0.036966709033506684,-0.10832250949459853,-0.041236024271418634,0.04562577117713194,0.19325739107149897,-0.014102163279284647,0.07854129769464455,-0.6754928205979466,-0.11096674719070443,0.21371099856575348,2.083371970501717,-1.5502288496307903,0.12385976871679365,-0.009193512610589882,-0.03405881026603363,-0.01460917434540264,0.16972594408282105,-0.2857295168461047,-0.8227449901663352
4.502,10.720503498367941,21.299377468752088,0.8168084039983341,0.7763881716192877,0.03294159314892678,0.00012335770079967035,-0.6293935519159276,-0.31534878744313877,-0.06535498745276766,0.00752552153854877,0.5761883650154647,-0.3139694698352415,0.04246544840163449,-0.29090385412448677,0.005230822045246009,-0.019409688740438892,0.49602383456866567,-0.24843585573155186,-0.06349804104086397,-0.05848288945935552,-0.03946882855757191,0.03558320971879653,0.15397963406011697,-0.053197282957940954,0.08297013004744953,-0.6709017027189728,-0.1380333700330681,-0.09246175289389674,1.8866653732783458,-1.5733464667537096,-0.47092887308274334,0.17489756952878577,-0.09853541843651738,-0.027297761087642158,-0.11478118670520093,-0.01741793610140008,-0.3323168377941322
4.5520000000000005,10.71847848594081,21.29752047386622,0.8179239694043902,0.7777056262353691,0.03449545657774985,-0.00284424211862668,-0.6276750215550359,-0.34110859946288036,-0.06785212760883688,0.005574150830376521,0.6471525645417796,-0.3684605257997046,0.016562580172161386,-0.28350184592687416,-0.000127556914205219,-0.022306445980444935,0.4930078731555792,-0.2500312812030377,-0.0734168370689803,-0.024625759864487506,-0.03607938200656074,0.013626783933340996,0.08452279986487415,-0.052423685869970434,0.09873790354208027,-0.3263265405742587,0.01571325031420029,-0.0053630117712313696,0.9454468542105167,-0.5992900937161125,-0.4583493008231273,0.14536401582658015,-0.10348148484477783,-0.08488989653388704,-0.04179765937288651,-0.038568171464506536,-0.09794653283887236
4.602,10.718048904364906,21.295874773833148,0.8184300365839365,0.7793369285693327,0.03450425285050094,-0.004302753962963908,-0.6256395884306558,-0.3486608025240827,-0.0654410465488613,0.00588358878380384,0.6761007976564977,-0.3842685327893532,-0.003113450602056799,-0.2759824903512499,-0.004040805217118164,-0.02776214962386384,0.4893055831403247,-0.251128182604009,-0.0767073125002565,0.005803383830022309,-0.02855228266676081,0.00843160439165763,-0.01270035258692604,-0.026864754965678014,0.11203768553376219,-0.022251521702927105,0.06391649327010804,0.01540062119819741,0.3351978900055341,-0.14942109959316963,-0.33550753286135343,0.1523410799348143,-0.05035052003929258,-0.12874837394040176,-0.11726357617506362,0.0027834105127995615,-0.048466453563939825
4.652,10.719028128450677,21.294729641288054,0.818968054798717,0.7812904095578062,0.03276808570672655,-0.003447796079813521,-0.6232974099050184,-0.34450103016469974,-0.0613378203551228,0.007071881208028135,0.6846529387879101,-0.3887976296499507,-0.02494085214408324,-0.2664492787112238,-0.004153932302318026,-0.03575183491487025,0.47742384053009995,-0.2474390623775158,-0.07902004671672785,0.03243193124513906,-0.01771433317281476,0.013742747989793469,-0.13729151276186208,-0.005238830932760318,0.1252124408604171,0.19369780990402047,0.0949449844265153,0.03176993272392807,-0.02319837601017489,-0.02696595422154283,-0.4853567142010938,0.2365814283273379,0.043559372668429915,-0.18304629196883526,-0.3605006242311159,0.1435696771218929,-0.031060714845816545
4.702,10.721333833206428,21.294158245357142,0.8197351861982155,0.7833221877014735,0.028802099217621686,-0.00041697704314932533,-0.6209481584362588,-0.32789982198550305,-0.05581660339495227,0.009513605329917978,0.6667335377104331,-0.3851287384521668,-0.04534811482321521,-0.2523224381672139,0.0008024131843524481,-0.045613480372383136,0.4533909146617466,-0.2369119580560325,-0.07924890450250234,0.0582428691341265,-0.004170791889625855,0.01392005991951785,-0.2632479135088367,0.008274931730914772,0.11738564266162245,0.4277520982882654,0.12224605058276075,0.05825981300969941,-0.6389257549292044,0.17443098201128387,-0.3078614458062365,0.30266193708367317,0.15267847478036403,-0.21060769187289316,-0.5608260960121657,0.25847026213838625,0.019599907296203416
4.752,10.724944895793929,21.294137110026963,0.8203062604659737,0.7851374380478613,0.02220610710309861,0.004606912594913564,-0.6189061871877747,-0.2944877633810452,-0.04809194879868088,0.01556323803430243,0.5965660916370625,-0.35338870620754703,-0.05279652432560284,-0.23418891659059057,0.011799382931598233,-0.05636826091188053,0.4201828010800346,-0.2215315177717332,-0.07553926715125828,0.08511921457580121,0.0033351525863583396,0.0044325750341830455,-0.4027920233438644,-0.015808485163827785,0.08635087058045923,0.8838770257804549,0.18125884882885313,0.17089224318081128,-2.1313784405038745,1.0660821607812425,-0.024336137428317646,0.3917967351883604,0.28860141492177954,-0.21547987808730035,-0.7047344101098338,0.3248039329619825,0.12179091250082835
4.8020000000000005,10.729608527728647,21.294600055859984,0.8190322943957989,0.7861809993728041,0.011434160006001049,0.012269973697748078,-0.6177686815917368,-0.243019624426563,-0.03634028991725413,0.0190509465449091,0.4582766169951717,-0.27076135887057423,-0.05663312935277584,-0.21956821854330816,0.03328290593053196,-0.06751050248401338,0.3953646646361971,-0.2106112128098995,-0.06699956307195536,0.09254979914723496,0.015739362676750336,-0.0725928959376567,-0.7107315096293877,-0.030721580151666626,0.00417283762550618,1.0544087734512133,0.3542313380078182,-0.17742888545901506,-3.032658629108784,2.0087364100497944,-0.18794502464055018,0.10418451054531158,0.6460385935852887,-0.24626613509298736,-0.12385959117301068,0.032231800741754614,0.2009657404496083
4.852,10.734140403657971,21.296161017465273,0.8174030248415869,0.7875785163004408,0.002946783024249878,0.01942699181469041,-0.6159009572332523,-0.2397704673392608,-0.029997828490278385,0.00473940465737549,0.43259356587938397,-0.22086689299658083,0.025206701326593615,-0.228790325039123,0.054125085709282025,-0.05852517195712539,0.42171775355091473,-0.23658296647756885,-0.043510358810897556,0.07320255651184379,0.04719671314966317,0.011480336365663969,-0.2073211582847098,0.111898793990595,0.09047789292066807,-0.438193850560875,0.01573704922814275,-0.1512365380071311,0.5648072976283551,-0.457044957463319,0.8686561552286267,-0.9267546300994863,0.44456160163945213,1.2836031687487004,2.4813635981841604,-2.449398313511245,0.4238751602609198
4.902,10.736215252914564,21.29754438898675,0.819027005458374,0.7881574111948761,-0.0004011610765727496,0.023666538844205137,-0.6150183974382519,-0.24716226765113686,-0.024306185709945125,-0.002068295140768389,0.43986635264814866,-0.22945840234841708,0.05047290889836158,-0.2861918384246016,0.07309562359113726,-0.005734941918310376,0.5858471493369027,-0.3573047919926078,-0.03142855606997805,0.0147501302963408,0.008490912037301615,0.041125128314495704,-0.2346047120747998,0.004158707625807093,0.03951154710933056,0.01154909948967166,0.19769097486254897,-0.1658569577431792,-0.048159495605175295,-0.013297498343275151,0.25927661788654305,-1.0333194370158476,0.24940881152662756,0.6235125751530134,2.788685005637591,-1.8334655607778108,0.2144493774244662
4.952,10.735906375396276,21.297431068105872,0.8206651981113771,0.7888043159783064,-0.004657417603346947,0.026957088613071757,-0.6140353205873182,-0.2467365571072302,-0.013519592000661513,-0.010307258668963854,0.4389039578838292,-0.22921855546833253,0.058427468545051243,-0.3309652019440744,0.08096190531898834,0.01839807358917247,0.684375270060347,-0.40926192979840104,-0.014401930685598729,-0.022507931103319202,-0.009478287033516712,0.023366980960073797,-0.18113727899278484,0.003464370723895118,0.04952141347145054,-0.013401712832358408,0.2052058079028938,-0.15591031094545707,0.01575303624546499,0.00802690263834851,0.09527409347301019,-0.7616645959322571,0.02659441058130553,0.2826010495893303,1.196216739779079,-0.4356920900927498,0.3658598265642469
5.002,10.734043893479035,21.29672188059256,0.8213162499225724,0.789532507404314,-0.006710740840637204,0.028931623592985987,-0.6129896792487607,-0.24838265313324753,-0.005550336596802215,-0.01644973201571604,0.44081491086957936,-0.22918006995321713,0.06122963002033367,-0.3636365894376714,0.07696394910194736,0.024471087574358875,0.7182579507142676,-0.41934334901729214,0.0029634043267360195,-0.049943154775785994,-0.01748138854378245,0.003955839585145762,-0.04123761106715009,0.017964098594371623,0.0421095586191338,-0.04355238175574836,0.10586457487645971,-0.08028062697639213,0.04349597939849006,-0.002205033413293297,0.02780368658623291,-0.564544756006055,-0.15458419051936834,0.008771438623542705,0.34277046431657526,-0.0950950969425361,0.31017295253031024
5.0520000000000005,10.730892677465475,21.295768821896278,0.8211534516701257,0.7899902182121902,-0.005169326626080459,0.028923150782995538,-0.6124150427121082,-0.25084354273353066,-0.003675201530619735,-0.017498866215376437,0.44106842115166583,-0.22810780387619933,0.06232254631038123,-0.3874716659031068,0.0652131439895776,0.0165441761445763,0.7283780032780997,-0.4254042134406166,0.018174122681603923,-0.07547927131167256,-0.021574621297171113,-0.007669679325780967,0.1283050408790924,0.05105762404925214,0.024379064532830737,-0.036229444017104456,-0.022616329137631386,0.02735230544135788,-0.058431833437094335,0.05455421018732527,0.006782369936572599,-0.35471474752378723,-0.29534024315759694,-0.3111272134925104,0.047863789701776335,-0.1116364261670074,0.24381087340644436
5.102,10.726400910244942,21.294498457048594,0.8206393138311818,0.7901650210090002,1.6659582697627065e-05,0.026940234961887865,-0.6123017744842013,-0.2511865902687333,-0.007794022288610043,-0.013524722240799005,0.4336546312592249,-0.22314864106837312,0.06228522261191935,-0.39574109105687516,0.05062643245552197,-0.001478942991788672,0.7199269855606627,-0.42497853768601007,0.02600506329843255,-0.10381756622333567,-0.028287346491140255,-0.013866492325129988,0.28905152017523805,0.08073974241066952,0.003923997828854701,0.0038706162267680526,-0.13670537127868418,0.12573305696572715,-0.2097547242427904,0.13218923427146817,-0.0010745509989157002,0.0108841054867167,-0.25895665554142205,-0.3499642684802668,-0.376673259229058,0.10882978708482052,0.0939476342611401
5.152,10.720583358351192,21.29270894783814,0.8195936782990645,0.790323250771884,0.008497873406380025,0.022447748984591672,-0.6122197677325149,-0.24906448917313054,-0.01860926901697495,-0.005718019339682074,0.42149583062674756,-0.21605695037659897,0.06229804459688511,-0.3750301166882128,0.03626749679135307,-0.023929444803003727,0.6612839057928628,-0.38506841966952515,0.0326099468365923,-0.12569838329857033,-0.044573521212566046,-0.0336055208580141,0.47216796779264464,0.033042079358605356,0.039784811676020757,0.07168364594773924,-0.3135994242337603,0.17340547255022182,-0.21075702523630077,0.10967609062961903,-0.018222143306060735,0.8873927556867064,-0.31666228006050645,-0.49451181162175173,-2.1731683723994535,1.5533999685737037,0.2739429150774262
5.202,10.714341929877994,21.290060196446603,0.8156093248974506,0.7915221037842911,0.02085807669181607,0.011809268876296837,-0.6106703210622034,-0.2476399985439168,-0.044584022926116816,0.003935806775269897,0.42428664365852414,-0.21872981441222475,0.04554436453370567,-0.30488197722683813,0.017033642656601317,-0.03208076805376657,0.5003528950855444,-0.26975502296718884,0.052168846987876175,-0.12229723747573627,-0.04875765513837933,-0.12303555204628527,0.8008868570904975,-0.06607981153409566,0.09292642602056321,-0.0996194209724764,-0.6899814548530712,0.25354954045073913,0.3924293637606896,-0.2567421864756746,-0.4300365314130681,1.1724922018913126,-0.36199952530729657,0.48270285743912206,-2.87870534359546,4.312382695969641,-0.9706667677141219
5.252,10.707933214379736,21.287952842638166,0.8145178122477742,0.7910452124567022,0.027596045063833403,0.004461190849394627,-0.6111186692634828,-0.2568927346978997,-0.055530656597521016,0.014961738383542261,0.45821120722011477,-0.23720946160263626,0.05404340252025267,-0.2981755671510762,0.014516126676753111,-0.02142870220343085,0.48865431406991294,-0.22738667996468467,-0.039310603036009945,-0.11264340386253123,-0.02792016443508673,0.036849812707219654,0.20332295441314666,-0.02785573531753614,0.036387011609036915,-0.7423149934186871,-0.10184407498447835,0.11223786390032416,2.125499168695127,-1.4434583105618255,0.18058167986073087,-0.09250537696394727,-0.02030936927676965,0.029311003406546292,0.31096805589333865,-0.4188026771248454,-0.8198543670306148
