time_s,x,y,z,qw,qx,qy,qz,vx,vy,vz,obstacle_contact
0.002,11.9914131164946,24.144958496093782,0.8409607858899374,1.0,-4.499812708592955e-12,8.883076764596433e-10,1.7396758947990646e-13,1.9761061196771117e-08,1.6745897435447068e-11,-0.019607621275427662,0
0.052000000000000005,11.99011555480444,24.14673144253146,0.8273784789610067,0.9999764459475391,0.005468268364588282,0.004058827311442798,0.0008552847928648267,-0.028961862802816728,0.031151822436639245,-0.46884626038852695,0
0.10200000000000001,11.987684239359123,24.14841345629932,0.8175422253156922,0.9999360852828337,-0.002058716720247879,0.01111430940218573,0.00024323079471443409,-0.03008366326788831,0.0644387404147527,-0.01941015484279252,0
0.152,11.985656387201969,24.15046559715351,0.8168297934689697,0.9998656145337121,-0.0006090208781504718,0.016204127856379515,-0.0024100222208377374,-0.04218617080807491,-0.0029890392074332335,-0.0006970874135578307,0
0.202,11.98433654336465,24.14818279267721,0.8174725071245783,0.9998099014119115,-0.0012738054380624251,0.01861049160171224,-0.0056734522780379,-0.013685487572155777,-0.07784625742388761,0.015873566561551655,0
0.252,11.983761069328875,24.14312262439834,0.8181796491401799,0.9997706340555653,2.8943045004002814e-05,0.02022994476190895,-0.007030489126831121,-0.007696260539047686,-0.12370006309236439,0.013658682367265302,0
0.302,11.983656504660754,24.13571851811391,0.8186017718637679,0.9996907613107177,0.005404560730721176,0.02273640178269475,-0.00849873562833773,0.0025878557251527374,-0.170165636625103,-0.0017072281313489442,0
0.352,11.98430569586006,24.12632654837265,0.8171775415897884,0.9995258065242024,0.016396555262361917,0.02426464114074199,-0.009515369566187544,0.02550877819302458,-0.199458760460969,-0.06898327402945494,0
0.402,11.985406662964966,24.11613478510541,0.8129742915888256,0.9991988573476975,0.031222431140607,0.023094038212044393,-0.009667919516876103,0.017924651168306577,-0.2094119077009995,0.0037690745001762588,0
0.452,11.985602224774198,24.10807566854616,0.815396001861729,0.999002099905894,0.037116560807932845,0.022872275694275686,-0.00969661291229573,-0.0067466528248987835,-0.1223293763914291,0.06178804299152654,0
0.502,11.9855005764108,24.103302591803452,0.8179990695530636,0.9988725905376062,0.04090967939403093,0.022337252235115176,-0.008999620389474541,0.0037469050844616313,-0.07491495166178233,0.03983615029025642,0
0.552,11.985870828029817,24.100489727323062,0.8194423987993013,0.998875833962296,0.04200501887534169,0.020210450593627624,-0.008613036759084034,0.010724972592613331,-0.039005492827829724,0.021823125667501466,0
0.602,11.986463967317885,24.09944804791149,0.8203402637388597,0.9989909799632167,0.0404360971920864,0.01781883338325172,-0.008027027648159449,0.011250192391576245,-0.004251744526315708,0.015133358447845042,0
0.652,11.986979586237595,24.100050870474508,0.8211469995633017,0.9992065122459821,0.03583284314644608,0.015910229546635752,-0.0070155422480906145,0.009907078724892729,0.02682744895009801,0.0173716255142614,0
0.7020000000000001,11.987403648052002,24.10219999439056,0.8219323310835798,0.9994848445774642,0.028066538926866606,0.014414535662482686,-0.005876735000301917,0.005658748015991112,0.05803856960593475,0.011130278767715829,0
0.752,11.987783646065607,24.105904817753153,0.8222320420226533,0.9997542105731788,0.0170850208089259,0.013201457701141506,-0.005034085788300439,0.00898569698782063,0.08889510494295788,-0.003812100296559081,0
0.802,11.988156115912306,24.110817230031426,0.8202945028488412,0.9999127107652984,0.001135236422496971,0.011940964612125215,-0.005540347677654817,0.002195337137235793,0.09864940603016671,-0.0875239146443714,0
0.852,11.987817076612933,24.115854692488586,0.8186383170185637,0.9998443427931955,-0.011622184879237147,0.012112265574803117,-0.00543212902283427,-0.020643083410379987,0.08833666820573316,0.02263217418847904,0
0.902,11.987429355980824,24.11883862899504,0.8205461431511618,0.9997457136582902,-0.017501792994488858,0.012796619969629214,-0.006200143644026221,0.002232853317872252,0.03392731604568157,0.041614202601363025,0
0.9520000000000001,11.987676783116113,24.119503830659625,0.8220797770768039,0.9996325880170525,-0.022679724476747876,0.013334405343854586,-0.006520176846833288,0.006559830037148648,-0.002929075551717473,0.019776834617015505,0
1.002,11.988028316604419,24.118592744980013,0.8225446152370991,0.9995575363407487,-0.025125398933311897,0.014473182136808415,-0.006631204392079234,0.007055854677633491,-0.03146065708743012,0.0006763510409937014,0
1.052,11.988310376559353,24.11633864183248,0.8222758684288922,0.9995627388119741,-0.023751722907924065,0.016175550012614115,-0.006966951944732563,0.005391044035466246,-0.05781857179385765,-0.008864443420337945,0
1.102,11.988609422959456,24.112721148762674,0.8217416027880063,0.9996287856759685,-0.018560253936503356,0.01830382641567315,-0.007923241782620542,0.0054244555800787905,-0.08607489603242478,-0.013739609282840919,0
1.1520000000000001,11.989084064304084,24.10773953821076,0.8207589953766747,0.9997062427133637,-0.009588856505939467,0.020301511723887493,-0.009128566840578592,0.015328812700872009,-0.11086621721148329,-0.030239126283477375,0
1.202,11.990278042432925,24.1020802862948,0.817340338941644,0.9997473475462286,0.005791739369256295,0.0197913058019176,-0.008944330271972157,0.030782254833554974,-0.10586137106526351,-0.12359693685363966,0
1.252,11.990921965291385,24.09624082347529,0.8151651099156203,0.9996328281030409,0.01731564014190847,0.017820177040819087,-0.010808278097123206,-0.0030807911709341525,-0.10623612905980676,0.025100140290780615,0
1.302,11.990849000066563,24.09240212229356,0.8169256865624472,0.9995436826868305,0.022355285821398556,0.017073541621568128,-0.011007350870595404,0.005264732598188389,-0.05521602210060075,0.032854072997658954,0
1.352,11.991405163848148,24.09047478443177,0.8180665172698173,0.9994752914030061,0.026210848049188686,0.015473082834834876,-0.011077771752667033,0.015513045015095497,-0.023122240467874706,0.015791686681432732,0
1.4020000000000001,11.992322363933416,24.090114964050542,0.8186819326776912,0.9994480100018743,0.028039739689566055,0.014073376004885218,-0.010926499405590264,0.01966192702709791,0.007219956237819953,0.01051007128806181,0
1.452,11.993253253444138,24.091178593731655,0.8193022204855543,0.9994900403960688,0.026983000265091074,0.013415245933459186,-0.0105644698070461,0.017727999459779705,0.033932768242527556,0.01502500229938068,0
1.502,11.994061341914026,24.093533831589465,0.8201269155531127,0.999607850704867,0.022561323045575798,0.013165430530720114,-0.010089744821839637,0.013290014635883123,0.05895586131935833,0.015139590748279787,0
1.552,11.997247684534615,24.097743493989224,0.8209973924492848,0.9996418409101687,0.015565603769792434,0.007526321738531055,-0.020426853945186067,0.08672168092324299,0.09449263425345857,0.011406925641069512,0
1.602,12.001828462808243,24.102652471986037,0.8194396280039465,0.9994008071254052,0.0021338638136008804,0.002460992876767412,-0.0344589154845794,0.08967248276629183,0.10198175288219614,-0.05702712872270843,0
1.6520000000000001,12.007183539436497,24.10721691272127,0.8193555524800575,0.9987996158347126,-0.006525533343761309,0.00027038553300284904,-0.04854556328516787,0.12013938699841922,0.0736796674426947,0.04335166268518346,0
1.702,12.014618288994853,24.10905102600715,0.8216105883142866,0.9978898352708147,-0.011488615127333792,-0.0012427573118396823,-0.06389322295757649,0.17263408595752083,0.006029119934774575,0.03840361880831182,0
1.752,12.02424727595184,24.108340125545975,0.8228400093995285,0.996682412433221,-0.015778935986323128,-0.0016504705542708577,-0.07982775126724019,0.21176767156617102,-0.032452490918913175,0.011877340853933988,0
1.802,12.035953451735088,24.10578414905484,0.8227973755804684,0.9951997940776722,-0.01667954768497282,-0.00035006857159653175,-0.09643153015885914,0.25485211673646563,-0.06907913169050715,-0.012294617679545478,0
1.852,12.049835349944995,24.101406680200743,0.8216796995199047,0.9934709377442971,-0.013850790446123511,0.0025497887945039126,-0.11321285279767675,0.29928297314533636,-0.10684539010661348,-0.03145175437999798,0
1.9020000000000001,12.06587284936159,24.09480798352849,0.8194625453724157,0.9915484656724044,-0.008898212981431518,0.006031476414477698,-0.12929069309389404,0.33837958632802495,-0.1562582889713355,-0.05887118637430599,0
1.952,12.083571270124756,24.085614907910273,0.8155845054167197,0.989591100012826,-0.0027377047294589486,0.008885522269892018,-0.14360712810376886,0.36447764770227986,-0.2099084140950355,-0.10062289894240664,0
2.0020000000000002,12.102347950870577,24.074403941363716,0.8094964439146742,0.9880632443139883,0.010019546278019435,0.008449679027735489,-0.1534901848732628,0.3926244982242372,-0.22683245997455495,-0.14076084042850798,0
2.052,12.1200322713634,24.063291265873982,0.8054248463344573,0.9869240750872936,0.029204773079241953,0.005843692027406357,-0.1584102348523242,0.3099676211468738,-0.2072770785769896,0.023651937003352174,0
2.102,12.135934297497952,24.05317010916623,0.8078360794523722,0.9855655148205381,0.03826198504835926,0.004055420755957443,-0.16486415638087978,0.3313143992419595,-0.2029681534492355,0.0565371029476681,0
2.152,12.152995383461507,24.04334578759972,0.8104603027774128,0.9839959372901527,0.04336301565138149,-8.639311367958533e-06,-0.17283415228320573,0.34804228932292586,-0.1870744398485405,0.045461242490007936,0
2.202,12.170708868864198,24.034476555631844,0.812344702619554,0.9823777739439827,0.04603733684079111,-0.0036499354330571687,-0.18111087998463404,0.3603296155883392,-0.16910400941543532,0.031933082442698955,0
2.2520000000000002,12.189006421328196,24.02641397987432,0.8138927413767069,0.9809403325867769,0.045606944222960855,-0.006450538133067045,-0.18877092228672823,0.3722988888289163,-0.1547860578881639,0.030959885031535097,0
2.302,12.20801056898518,24.01898593557721,0.8153614232705373,0.9797409308776565,0.04237178705524322,-0.008203997808663184,-0.19556337705379373,0.3865948749892496,-0.14285957100530497,0.025271951624356664,0
2.352,12.22777672284784,24.012037688089325,0.8163849244156804,0.9787447337349339,0.03680933537716059,-0.008341933797907798,-0.20157934208578276,0.4028662479470256,-0.134457023808896,0.011654381794591774,0
2.402,12.248103941495506,24.005699786927405,0.8156443717595592,0.9779195340236905,0.02900788601956662,-0.0064561881566794835,-0.20685803140813638,0.40504406136046867,-0.11979157937946028,-0.05208858310365133,0
2.452,12.267549448728493,23.999125627473013,0.8110836467215075,0.9763731431096995,0.012909519352614508,-0.0029550516563325475,-0.21568518121066976,0.3558518685004276,-0.1354368589135523,-0.10089426811743489,0
2.5020000000000002,12.284550906644329,23.99272098037663,0.8104009860466748,0.9749465802116137,0.00367140653457301,0.000736436716730447,-0.22240760816280378,0.34925017363592475,-0.15259888007402644,0.02907395488167762,0
2.552,12.301970757510764,23.983731722275778,0.8122025076104672,0.9732275956504406,-0.0043320376758764975,9.959542350102908e-05,-0.22980267751875477,0.3506007717179714,-0.20452919362748948,0.040375922032651425,0
2.602,12.31951847608049,23.972529647413012,0.8140391325231815,0.9715413094888522,-0.010797300814790724,-0.0007031285535598969,-0.2366229233655073,0.35048367197045877,-0.23973926658738734,0.03039214949268743,0
2.652,12.33703168875195,23.959930656894088,0.815191487534252,0.9696348134049798,-0.011715476948051069,2.8330347057120972e-05,-0.24427663709483305,0.35100202625120497,-0.2638738937362772,0.0158744124842338,0
2.702,12.354669063675844,23.945842561156415,0.8154577214989948,0.9675026444618939,-0.006805179721946438,0.00211504544069251,-0.2527604578864686,0.35352377133536295,-0.30071473576453317,-0.007819575962140363,0
2.7520000000000002,12.372548939793278,23.929695934753923,0.8139850345564947,0.9652734433416964,0.002314771694884034,0.004192798545893469,-0.26119770644402157,0.3597315921285318,-0.34397666159687595,-0.061580110769261696,0
2.802,12.390638431430652,23.911882529581735,0.8079609091663987,0.9639290010973663,0.017337533289408385,0.0023313888004933584,-0.26558398936896016,0.3659406361632162,-0.3561105248941331,-0.17551138167605268,0
2.852,12.407020559629322,23.895160955059158,0.8042498657586459,0.962739547419064,0.031292302428983024,-0.001016039006756143,-0.26861184506414504,0.30416853244517367,-0.30256444651036035,0.018154382568275895,0
2.902,12.42268344378211,23.880862087332076,0.8066938565992451,0.9620522681384511,0.036724422848527456,-0.003001849370699585,-0.27036593542171417,0.3266990299209558,-0.2767672502965816,0.06448375753113271,0
2.952,12.439583818928707,23.867614077632204,0.8098524100561418,0.9614885661076501,0.038112552057528976,-0.006983656620691189,-0.2720999800810722,0.34682159123587236,-0.253492957653479,0.0574836949831741,0
3.0020000000000002,12.457368845180827,23.855591357943716,0.8122735901252851,0.9610965093867869,0.03710459006549944,-0.01004749140692529,-0.27352476479659243,0.36416245910600376,-0.22821469638075725,0.04054951417313841,0
3.052,12.475971103159473,23.844801627049,0.814101136379774,0.9609026305311338,0.034059297462153575,-0.011382357018878029,-0.2745478844271532,0.3797958243100473,-0.20468547688551333,0.03351718908350484,0
3.102,12.495435437665208,23.83518945828035,0.8155602561681286,0.960904300385714,0.029133665606723775,-0.01091974431521326,-0.2751270873844421,0.39755848205796424,-0.18014654299519603,0.0225114470228517,0
3.152,12.515839198374863,23.826721844761458,0.8162309029808715,0.9609916705864534,0.022483954675239906,-0.008763048915142528,-0.27552257587959833,0.4177595589804792,-0.1582746380151693,-0.0011113914334579568,0
3.202,12.537014711239184,23.819513678536957,0.8141972741141612,0.960821609211032,0.013297711801680007,-0.005197533359729961,-0.27679955162705194,0.42329437372524464,-0.13362936904004602,-0.09397943724731006,0
3.2520000000000002,12.556741198246181,23.81262764390852,0.809162633486363,0.9596280721975645,-0.0029704870038581117,0.00029558868454121966,-0.2812562032821259,0.34904827174542546,-0.11833174453551307,-0.031349647807575126,0
3.302,12.574079373479908,23.805697123292916,0.809556422518623,0.9587981641085035,-0.010092711661638406,0.003782974642544419,-0.2838836148430089,0.3462638020062482,-0.1704556946504531,0.029364743275768275,0
3.352,12.591244530897066,23.795755884535254,0.8114249464487545,0.9577734907972159,-0.017537022417056913,0.003772354432282887,-0.28696369546146056,0.33963328476033516,-0.2217488008001058,0.040858259171585344,0
3.402,12.60806886614814,23.78369313150588,0.8132715292980761,0.9568051320681152,-0.022434037144752294,0.003345700005731424,-0.2898438536815561,0.3343243340808556,-0.2577352375348668,0.030928633612853446,0
3.452,12.62469591120688,23.770171958380978,0.8144908269558848,0.9556667237995083,-0.022120598489960643,0.0032900357941086367,-0.2936000132991015,0.3323245406281337,-0.2818372545783252,0.018034652075526854,0
3.5020000000000002,12.641311952887355,23.755363428618,0.8149471719573442,0.954258183685398,-0.016520588339941838,0.004088737297321277,-0.2984990305807729,0.3312288372959882,-0.31091531387880017,-0.0020733628425343674,0
3.552,12.65797094468168,23.738926296298015,0.8139610825487062,0.9527554977485623,-0.007059362765437713,0.0052723066412649795,-0.3036104900854318,0.3340162398219064,-0.34512248568915505,-0.046675002069479034,0
3.602,12.674774935701905,23.721231869482352,0.8090401683658307,0.9520959909221474,0.00755629018023612,0.003491646729810022,-0.30568600712463345,0.3450603072824716,-0.35399595181325727,-0.15507756292297567,0
3.652,12.690691976432664,23.704326904641338,0.8048611358222695,0.9518952754870704,0.023252339048930423,-0.0015604536617263706,-0.30553605060371936,0.2914554147020639,-0.30797600481090054,0.01940261950881254,0
3.702,12.705591352265332,23.689689998072463,0.8073242880661002,0.9517978111147853,0.02943505564859213,-0.0037730310348504537,-0.30528719018799033,0.31029232396100026,-0.28661300495611747,0.06289402637360654,0
3.7520000000000002,12.721735161963348,23.675823394033806,0.8103794234083088,0.9517739030278689,0.0314736844675452,-0.00758888773523911,-0.30508728830299625,0.3333166735754997,-0.26723294864609654,0.05514987650684253,0
3.802,12.738933249588325,23.66302954004454,0.812670735072129,0.9518267486717418,0.0313505733634308,-0.010395933315236278,-0.30485227017896516,0.3542901153332193,-0.24503287775674798,0.03776188022197395,0
3.852,12.757134901998107,23.65133900237428,0.8143513651372104,0.9520495646682067,0.02928446290048413,-0.011518976791192358,-0.3043211458663214,0.37347873787207636,-0.22353763224933326,0.030518750580427384,0
3.902,12.776358522129659,23.640757635432557,0.8156524302608176,0.952464421308153,0.0253644281876706,-0.010848630871644144,-0.3033982187374333,0.3940466385619484,-0.19987790993790888,0.01914812724604672,0
3.952,12.796611788728072,23.631285363837957,0.8161203939767218,0.9529301263030338,0.019642540692235932,-0.008423005992751934,-0.3024357749164011,0.41520227599776416,-0.17879678886299363,-0.0057728907879906356,0
4.002,12.817685598894508,23.623032540658343,0.8138772721436741,0.9530848475308306,0.011118680055411745,-0.004457044157988182,-0.30246616855167874,0.421891305790022,-0.15521893554660696,-0.09549812787223319,0
4.0520000000000005,12.83740093509856,23.615102005894826,0.8087343019091787,0.9521176979159082,-0.005100133452957251,0.0015950705433514516,-0.3056850236829335,0.34822733009798823,-0.1363516948374505,-0.03298619694694789,0
4.102,12.854635642877376,23.607339663278715,0.8091524468088404,0.9516705827244334,-0.011908081316959234,0.005379432729087014,-0.3068425675811605,0.3428282948122739,-0.18670477351373765,0.0300449390079343,0
4.152,12.871531950568782,23.596582909906058,0.8110746360024683,0.9510104860649665,-0.019245794422570656,0.005452129422600673,-0.3085108248931946,0.33280206211989943,-0.23786964285607554,0.042284018738729584,0
4.202,12.887951406921852,23.58373983877164,0.8129879997663716,0.9503894714212904,-0.024208266653271766,0.004955770455480552,-0.31007942978597774,0.3253716426263489,-0.2725568574040521,0.03189950322552543,0
4.252,12.904077759422817,23.56950256481749,0.8142314994485356,0.9495789878722527,-0.02403822151874237,0.004641706103747133,-0.3125705748501781,0.32145394763594937,-0.2953760415907685,0.018554460904941453,0
4.3020000000000005,12.920096345557605,23.554053627213843,0.8147133890192879,0.9484667566575561,-0.018565302806300987,0.005109031913918888,-0.3162910666460708,0.3184209528454849,-0.3226063418533409,-0.0014701290148776349,0
4.352,12.936054165923629,23.537091988911037,0.8138085364383066,0.9472535175270531,-0.00912823390367467,0.006063410453963956,-0.32029780506911315,0.3189372444562282,-0.35461502121029437,-0.043448760603491766,0
4.402,12.952065629351253,23.51894827919615,0.8091451472970466,0.9468872561236679,0.005347039972170556,0.004281672597706808,-0.3214927691782436,0.3287198353659615,-0.3629170825573187,-0.14764757071251686,0
4.452,12.967349409606307,23.50158775687953,0.8048389113367536,0.9469247764076244,0.021282083269425985,-0.001068617638710717,-0.3207481859861812,0.28007372385742496,-0.31761767543212294,0.018426246834230667,0
4.502,12.981706299598217,23.48648543783494,0.8073077153943801,0.9470852208424204,0.027498530221490798,-0.003448168786444663,-0.3197835602865513,0.29982152496178993,-0.2956627438298571,0.06326039367988955,0
4.5520000000000005,12.997368964328173,23.472160966085667,0.8104017117413107,0.9473711274049073,0.02957536969923701,-0.007410136725252637,-0.31868218390807834,0.32429915185983765,-0.2764210998073987,0.056107874600010155,0
4.602,13.014149119428005,23.458903263405606,0.812738435263428,0.9477055797220343,0.02952064152817005,-0.010304399430407883,-0.3176105874177821,0.3464299069032795,-0.25463603414032326,0.038483339750407713,0
4.652,13.03199137977956,23.446729955128003,0.8144391339789147,0.9482120527447583,0.02753716662933762,-0.011445177338919988,-0.31623506351965625,0.3670110375749449,-0.23322524504328657,0.030688007524393525,0
4.702,13.050927132476975,23.435670335208158,0.8157354404897772,0.9489144063864072,0.023781217482198306,-0.010761561580159115,-0.3144520501439812,0.38891896743343685,-0.20926869911831902,0.018868105356117982,0
4.752,13.070945642246445,23.425738262764945,0.8161858040475458,0.9496425563736502,0.01826510563539481,-0.008268766418936304,-0.31269318595414597,0.41095734254278443,-0.18787986912599874,-0.006072034930644409,0
4.8020000000000005,13.091840300755132,23.417047576177445,0.8139373073279814,0.9500073340901308,0.009959921237404055,-0.004199021085661028,-0.31204043546602805,0.4190286854409732,-0.16335991722939783,-0.09581359127697708,0
4.852,13.11144149401496,23.40876251350226,0.8087541253871348,0.9491724249823139,-0.005972115854654927,0.001996929290586489,-0.3146935870951609,0.3458717473668565,-0.1425151660232292,-0.0341507110800672,0
4.902,13.128500369907583,23.400709650177056,0.8091138664616174,0.9488781896855867,-0.012628097994674707,0.005924961679568337,-0.3153341197985648,0.33879217571059494,-0.19236140637727767,0.029180558249424254,0
4.952,13.14517197228911,23.38967046903118,0.8110141773785364,0.9483665893742838,-0.019847027428204933,0.006059236726022326,-0.3164967508698166,0.32804293249913874,-0.24347184085057455,0.04219351136107965,0
5.002,13.16133960533425,23.37655355526415,0.812932772218317,0.9478905939033943,-0.02476091327691073,0.005554651383616789,-0.317583792110318,0.32014531861622914,-0.2778273145574456,0.032039645529087286,0
5.0520000000000005,13.177190768491048,23.36206097916373,0.814178228283676,0.9472169749565491,-0.024591203297697223,0.005167902043304012,-0.31960689583143764,0.31569371586103334,-0.30033258041097755,0.018609979303056298,0
5.102,13.192907253359184,23.34637921127331,0.8146578931431777,0.9462311289648193,-0.0191433553724553,0.005528642617191602,-0.32287709214786225,0.3121360696368008,-0.3268963895820672,-0.0015476691445061735,0
5.152,13.20853197920877,23.32922262104887,0.8137573432018294,0.9451484327755738,-0.009715102441560078,0.006391801307458125,-0.3264340694266956,0.3119263763469433,-0.35815271963475187,-0.0431174263013868,0
5.202,13.224184591325784,23.310916751547868,0.8091570055055842,0.9449272467260668,0.0047500670147829546,0.004561137468533007,-0.32721419786287276,0.321463370068765,-0.3661448005413445,-0.14573815414157426,0
5.252,13.23916102126739,23.293394610697344,0.8048643464457642,0.9451224343600485,0.02065453421103569,-0.0009101221146797503,-0.3260615677500146,0.2748234667281652,-0.32083798753399806,0.017408148026669033,0
5.3020000000000005,13.253262432042868,23.278124575015834,0.807280920486852,0.9454332847104219,0.026843307626241528,-0.003393646821741942,-0.3246903511941732,0.2949302927477346,-0.29902601208292673,0.06246457902413398,0
5.352,13.268699720530202,23.263635926270492,0.8103598527599226,0.9458954151716477,0.02891261471871761,-0.00741165996586533,-0.32309594792249163,0.32027987891306026,-0.2795747920766485,0.056198150749717686,0
5.402,13.285294576002443,23.25021633184282,0.8127111981978857,0.9463971922728689,0.028879284991435796,-0.010331918723252646,-0.3215456309949021,0.3430025088664001,-0.2579788443761646,0.0388572600442278,0
5.452,13.302980520276407,23.23786510211782,0.8144246422348035,0.947080914436421,0.026904482564253037,-0.011461277831070085,-0.3196600216459679,0.36425773395919636,-0.23676026822686588,0.03081072209598517,0
5.502,13.32179844108002,23.226633162568078,0.8157212907035906,0.947961837451266,0.023221389524342786,-0.010751378399972845,-0.3173539501362428,0.3869076451210393,-0.21260033480077503,0.01876784104958868,0
5.5520000000000005,13.341729360279821,23.216541797286933,0.8161628419638131,0.948838192568536,0.017820477950015633,-0.008210040054522215,-0.31515251884002077,0.4094695000583041,-0.19093437824893156,-0.006269864883618796,0
5.602,13.362561777765688,23.207709436332,0.8139141645742566,0.9493028355074211,0.00963046547266265,-0.004074498249519845,-0.31418908175868315,0.4180800206320307,-0.16601333087948283,-0.09537514967935538,0
5.652,13.382100783589175,23.199353435541568,0.8086827034311915,0.9485265407131461,-0.006303744377918804,0.002184204100382775,-0.316627373456589,0.34522378153464117,-0.1431910509451419,-0.033808484058540665,0
5.702,13.39908139407937,23.191269653477722,0.8090197623383678,0.9482921510717983,-0.01311421850555721,0.006088576882932487,-0.3170693027086515,0.3371222791585786,-0.19237786020875905,0.02836450054417155,0
5.752,13.415663652986947,23.18025557204116,0.8108835107684377,0.9478185413157385,-0.02035635651962233,0.00619810701139609,-0.3180993790575944,0.32629689548538165,-0.24268838572738327,0.041985959178840106,0
5.8020000000000005,13.43174631748088,23.167172690904476,0.812833871733369,0.9473778014981213,-0.025269564266079486,0.005610697283675146,-0.3190693818378381,0.31857832345563625,-0.2773533805483002,0.033423842816178134,0
5.852,13.447525574749834,23.152684554492165,0.8141782559578352,0.9467605373374723,-0.025149706418368983,0.00507274883812503,-0.3209146996115258,0.31434456762569224,-0.3005536584158319,0.020942737262903268,0
5.902,13.46318035453938,23.137000953964648,0.8147827593377424,0.9458333249834391,-0.01977671279768408,0.005273459939343871,-0.32400678017899287,0.3109126041314723,-0.32665413329724685,0.0009048863745420527,0
5.952,13.478745074754016,23.119872525096163,0.8140257769686368,0.944819801405716,-0.01040804394173484,0.006035403528963525,-0.32736949979680846,0.3107834892927279,-0.35743024130660217,-0.03963505462837939,0
6.002,13.494319470787072,23.101597772737385,0.8095746483791855,0.9446430622018152,0.003839790760733752,0.004298340997928658,-0.3280491812298209,0.31895968569267635,-0.36533803079070726,-0.1434193416109081,0
6.0520000000000005,13.509212956774869,23.08412995070551,0.8048910225306083,0.945033656724916,0.020200122567669558,-0.0012395981968235479,-0.3263461446098202,0.2710924600588983,-0.3206069340061458,0.011415164662579462,0
6.102,13.523040388337813,23.06890798101308,0.807187568125391,0.9454792610925358,0.02649087616212432,-0.003502080721173316,-0.3245842506263946,0.28834617504676435,-0.296985297703824,0.06133197171895409,0
6.152,13.538040736723387,23.054588612968246,0.81020326075476,0.9460837802146436,0.0286940829522444,-0.007024881446670579,-0.32257213372974514,0.3095160130035485,-0.27476560799733424,0.05446339763090638,0
6.202,13.553959061456226,23.04150343384291,0.8124282977157953,0.9467100904934791,0.028928190687879083,-0.009251005769816592,-0.32065180996464393,0.32652018134645194,-0.24942484650006302,0.035657653016981775,0
6.252,13.570603434067918,23.02973412150697,0.8139503959215978,0.9475204155910033,0.027308415792181646,-0.009502480044192116,-0.31838501117072787,0.33913909875641646,-0.22207202365602183,0.026754549324088817,0
6.3020000000000005,13.587935657287737,23.01940938595736,0.8150895290014962,0.9484880647734405,0.024007402420362617,-0.00788702249271617,-0.31580346813732363,0.3529336155400011,-0.19133632127041728,0.016978086423285882,0
6.352,13.605971022633774,23.010533501401476,0.815550748406775,0.9493600934437022,0.018935781182131718,-0.004460756066295182,-0.31358723000610883,0.3683167823537496,-0.164175437948722,-0.0032949885294137515,0
6.402,13.624646123291415,23.003128883809925,0.8136352163619194,0.9497490512635399,0.010982790038345744,0.00042605734870704325,-0.3128193351155184,0.3740459726500288,-0.1358774388682048,-0.08615653101175975,0
6.452,13.641931521646736,22.99636015000815,0.8090002249405184,0.9491297739806349,-0.003916025663631261,0.00698248311313108,-0.31478338872317396,0.29459429714215346,-0.11304641167833047,-0.022766838780343263,0
6.502,13.656058810212153,22.989791401346842,0.8096493559510164,0.9489063246901084,-0.010797181801277566,0.011232666825392812,-0.3151730239475613,0.27713209324841326,-0.16097942318610037,0.03623953158782443,0
6.5520000000000005,13.66942431374658,22.98054559537755,0.81186403888808,0.9485644319754238,-0.017991843949451435,0.011407091970632586,-0.3158665702400506,0.2569646093112667,-0.20302284689896197,0.04698705440515056,0
6.602,13.681683965235214,22.969745392724093,0.8139332272467524,0.9483087388614609,-0.022576204485280166,0.011302560602197868,-0.31634333075609095,0.23440582395771173,-0.22583988764836585,0.03370880112981733,0
6.652,13.692836404266481,22.9581649854337,0.8152135977796393,0.9479797820235105,-0.02208062929569797,0.01151852060406876,-0.3173548524406974,0.21371798430590938,-0.23710603545251838,0.01885659318438396,0
6.702,13.703057017194935,22.945850599009677,0.8158153753408999,0.947550153092754,-0.016403159985947897,0.012169381531010187,-0.3189538365806659,0.19549663895857086,-0.25619649994077875,0.004185280801858518,0
6.752,13.7125559949983,22.93237799620483,0.8153905459938994,0.9471001975088981,-0.006545562151778579,0.012653710950560651,-0.32062166971978423,0.18630259132527624,-0.2821467007192888,-0.028908694854443414,0
6.8020000000000005,13.721896330443345,22.917900962535956,0.8110733197028354,0.9473842835505399,0.008154515686965983,0.009820227598978697,-0.3198438467209356,0.18832563294783464,-0.28695367051212545,-0.159061748231518,0
6.852,13.730173507809333,22.904552285802954,0.8077093247518561,0.9477711015969217,0.020928884543814263,0.005557571091923336,-0.31821538959181045,0.15008937146576865,-0.23604673500658638,0.027319760699671874,0
6.902,13.738412800917166,22.8937497775878,0.8101635861728145,0.9482672925005585,0.026244744449732106,0.002847041014375937,-0.3163735920077578,0.1959882468728379,-0.21239534235513013,0.059672693036301766,0
6.952,13.749066435595866,22.883490679229855,0.8132518885452488,0.9484326589262038,0.027662799795265175,-0.0028289574469756718,-0.3157566436188187,0.231198733134233,-0.19699897355054005,0.05886062654786949,0
7.002,13.761486588715183,22.87412607871935,0.8157202587632316,0.9485466385558635,0.02729381539687941,-0.00682522365330578,-0.3153850637673507,0.2639227894659712,-0.17848794899126325,0.040253207564057855,0
7.0520000000000005,13.775391274638228,22.865675707412752,0.8174289908354189,0.9487092422930761,0.025210504759746427,-0.008565640766102669,-0.31502671924096204,0.2908890049665067,-0.16037597632445744,0.029177158799254338,0
7.102,13.790574355356043,22.858209505465002,0.8185484852805619,0.9489663674399811,0.021159277738090183,-0.00800529623221304,-0.3145648322136532,0.31391437450183063,-0.13809730590790278,0.013475993313228686,0
7.152,13.806825130649731,22.851831323780512,0.8186328130449501,0.9492276361976014,0.01484589718838899,-0.005254800957436118,-0.3141956095846707,0.3349139785889244,-0.11721888805460717,-0.014867431043555665,0
7.202,13.82383352406824,22.846521987865884,0.8157301426648478,0.9491917002791539,0.004774304027381639,-0.000856505281700777,-0.314661069312562,0.3378227137391526,-0.0991669102998151,-0.11928098475886556,0
7.252,13.839252860124118,22.8418654108226,0.8121942388538483,0.9482763687658902,-0.007778027074783042,0.004929042366779451,-0.3173123623125129,0.26844386122373365,-0.0772436274195854,0.005752402810696983,0
7.3020000000000005,13.852556312293771,22.836300823433273,0.813757359318349,0.9472049746102622,-0.013331821877508598,0.008357837668394793,-0.3202423225442051,0.26177287915844727,-0.14671975186239747,0.0448656637903719,0
7.352,13.865371855388915,22.827727979712765,0.8158926300900782,0.9461125776636414,-0.01985995514357022,0.009103002075079037,-0.32310015153443594,0.24940164923091307,-0.18953715449256933,0.037094221110188064,0
7.402,13.877475023014869,22.81757805068251,0.8172355810662921,0.945023250776368,-0.023324298384946925,0.009850547468766927,-0.326021470629591,0.23530125482060307,-0.21390288123283296,0.016474860193166324,0
7.452,13.888914680659934,22.806474398323513,0.817637772652496,0.9437334328829263,-0.021711510645877147,0.010993798069514634,-0.3298104825024338,0.22409093405600083,-0.2312371063278636,0.00201072609446776,0
7.502,13.89988208115673,22.794200364336337,0.8174503051263867,0.9422908655289355,-0.015587373672509628,0.012508724710404298,-0.3341982799609272,0.21442209606105816,-0.2598907834621552,-0.0111687287333513,0
7.5520000000000005,13.910507049842737,22.78035883797227,0.8162307400350022,0.9407946823098976,-0.006156190937695976,0.013673479932929642,-0.3386450988824144,0.2110041988457253,-0.29276433617966485,-0.045035422806594484,0
7.602,13.921098822823657,22.765215795066275,0.8114704051478105,0.9401652811462509,0.007677258898735063,0.011226744000019486,-0.3404471530827524,0.21792224910948685,-0.3033064395178262,-0.15584393474050454,0
7.652,13.930547707083027,22.75114755612496,0.8071132808477515,0.9399191233284242,0.022410446519256968,0.006213508982219369,-0.3406041775939664,0.16164177016856066,-0.2478200030245663,0.017673814072228095,0
7.702,13.938958346060492,22.739678231587863,0.8092325304321233,0.9398738689137831,0.02873781278269156,0.004135971113503281,-0.3402853837478947,0.17787518306803818,-0.21973286389802113,0.051292706672392344,0
7.752,13.948273865685174,22.729254469770723,0.8116145064386416,0.9399877013618632,0.03156385216392791,0.0008387807564426541,-0.3397442287543042,0.1932459522764277,-0.19610154599272409,0.041776313137900326,0
7.8020000000000005,13.958678482449592,22.72017628191297,0.8133736996906817,0.939040960386077,0.03275263878425547,-0.002337905287513391,-0.34223365347190626,0.23894569007692665,-0.16566463449007526,0.0301929595299052,0
7.852,13.970945664088829,22.71208314979613,0.8149391572128073,0.9347173503851507,0.03146659846696949,-0.0054408339271543905,-0.3539544114657409,0.25607710562625957,-0.15472750056749862,0.03344620224757321,0
7.902,13.98435224431152,22.70459999041672,0.8166008547908323,0.929645703766032,0.027140085930207565,-0.00658569640159881,-0.3673947601803369,0.27864588866751355,-0.1455332252059875,0.03011798752644817,0
7.952,13.998906475686063,22.697467099829872,0.8177470283235857,0.9243647791806976,0.019895086872917533,-0.006256915105134369,-0.3809393541522158,0.30302769086887704,-0.1424182803924447,0.010590150277968016,0
8.002,14.014336459376326,22.69019705949134,0.8161855480451434,0.9192630276886931,0.007988303495918097,-0.004015683957651856,-0.3935423067653936,0.30479369030839193,-0.15141003619927423,-0.08640676202608027,0
8.052,14.029210975257486,22.682968868293624,0.8135911972146505,0.9139046275213156,-0.0008242241554614645,-0.0003725424922845963,-0.4059279660996013,0.27613121813989727,-0.1376294779044116,0.00715344801501837,0
8.102,14.042150940647609,22.673728665922543,0.8150848506237115,0.9074758590367463,-0.004829801619131015,0.0021488352381205562,-0.42007097113340125,0.24560055756196503,-0.22362835335151793,0.037612833624894204,0
8.152000000000001,14.05395981745194,22.661291193982393,0.8166915842338943,0.9006764753635222,-0.010102304753534335,0.003901750122153047,-0.4343553919446537,0.22855496287418944,-0.2691993289380473,0.02513738884453005,0
8.202,14.065062137594703,22.646892938503285,0.8174241527056622,0.893652581263875,-0.012025485621702536,0.006004210890241902,-0.44855813575005155,0.21611669478079162,-0.3051374975369509,0.0037727538998699305,0
8.252,14.075744434382884,22.63062610133808,0.8172019083093814,0.8864082836927215,-0.009094847086679448,0.008232657511148555,-0.46274167924199144,0.2117305541654857,-0.3473448888921913,-0.012272535526920123,0
8.302,14.086117414177489,22.61183270800825,0.8159418912712885,0.8791451644890438,-0.0027951608965820535,0.009739091191056991,-0.4764463421350488,0.2014487063384989,-0.4025829872791561,-0.041789748713578836,0
8.352,14.095824559911355,22.5902343173203,0.8125361166459147,0.8722949241131224,0.005118422885494145,0.009684239668448042,-0.48885742565260526,0.18476030488615203,-0.4558054334201514,-0.09797302335341057,0
8.402000000000001,14.105127142559404,22.566640767086945,0.8061399652683656,0.8675290154847158,0.019072364232935228,0.002944464736975529,-0.4970120545239299,0.1997305046148645,-0.4843499524285796,-0.16436643798041473,0
8.452,14.113311716488372,22.544779229180165,0.8025534063889439,0.8642489001737983,0.034755297076392085,-0.005557461386338038,-0.5018316674906541,0.14431009658883684,-0.39379889027121207,0.01584465364294923,0
8.502,14.120838391717877,22.525059719694923,0.8047703965065564,0.860631113601791,0.041266754433164396,-0.009649760889795191,-0.5074623369215325,0.15829035454509524,-0.39835020986453307,0.059037723281897984,0
8.552,14.129308676580708,22.505330637515634,0.8076788182880823,0.8563623579113347,0.043090531426508316,-0.014623470091602,-0.5143664765285536,0.17914972970180554,-0.3879831643588811,0.05316499316854865,0
8.602,14.138780820188902,22.48626176197763,0.8099997565882596,0.8521795093589795,0.042616017558746236,-0.018407262400313935,-0.521186273387017,0.19876798890085398,-0.3758077110059986,0.04088999558258477,0
8.652000000000001,14.149142504236742,22.467717013389763,0.8119875035027913,0.8485448188106652,0.03980324122573175,-0.02025540739268963,-0.5272353468128409,0.21554245038045966,-0.36777987300473425,0.03947124061656025,0
8.702,14.160410254090532,22.449423635509177,0.8138535165698436,0.8455306792688428,0.03502071648576784,-0.020040729647649934,-0.5324000272231217,0.23407737703602352,-0.36370885793537394,0.03234058835798021,0
8.752,14.172624698241775,22.431215158662578,0.8151493475419831,0.8429990442928056,0.02889351730187218,-0.017559814002154377,-0.5368514030079007,0.25402971174050865,-0.3634826806418744,0.014525219020389866,0
8.802,14.1857634965086,22.413319980166648,0.8142023321342217,0.8405657416922636,0.021319983453743547,-0.012580699335165943,-0.5411436206804113,0.26621467546332495,-0.35039059387115423,-0.06465081529207146,0
8.852,14.197867749507225,22.396009119513717,0.8093340079439999,0.8361432727545081,0.006664116885040101,-0.003333856511316817,-0.5484604838767176,0.21755199457068874,-0.30909004584962907,-0.05614944125358154,0
8.902000000000001,14.208057952644836,22.380295599396376,0.8096661531683219,0.8330236651034761,0.0010020448647565586,0.0023061952991774858,-0.553231642937118,0.18885111458123452,-0.3418216832630894,0.03265432175252516,0
8.952,14.216356429595807,22.362115219816303,0.8116343547726443,0.8290618780456309,-0.0066297600155532,0.004468514444523364,-0.5590997058059012,0.14952015734055393,-0.3820368550106956,0.04230906678099367,0
9.002,14.223109630330429,22.342321415368268,0.8135057653598313,0.8252800762086618,-0.012412124691199362,0.005886427555289459,-0.5645565383062282,0.12368398907732071,-0.4070082285655447,0.030870337842174387,0
9.052,14.22884120475951,22.321531457633863,0.8147113044625233,0.8210284364152082,-0.012652373664264062,0.006478972099116085,-0.5707103003790951,0.10699117437515925,-0.42494263618357686,0.017291203330765212,0
9.102,14.233685772625291,22.299605976126486,0.8150858104907102,0.8163204110685479,-0.007284775324058648,0.006288267491056489,-0.5775191565769184,0.08544233842607711,-0.4523239896735426,-0.004619567374215953,0
9.152000000000001,14.237435592746383,22.276038789246694,0.8138939389817909,0.8114893483497663,0.0018847374457661567,0.004740181174205125,-0.5843449460396376,0.06379156313327274,-0.4884286842646248,-0.05310297725753908,0
9.202,14.240282431123521,22.251092203315473,0.8083732689763306,0.8087197847396255,0.015032584296154769,-0.0020472340708702066,-0.5879984183760463,0.061405343633534684,-0.5034120357813875,-0.1695163336031962,0
9.252,14.242613170368674,22.227887645336157,0.8045865003860573,0.8068320822787479,0.027319152944630967,-0.010616505091113965,-0.5900533405614944,0.04667797184188929,-0.4230344889394301,0.016842687071437976,0
9.302,14.245700493134025,22.207070343852802,0.8068475322173778,0.8056174211170445,0.03207103856003196,-0.014513581690104757,-0.5913893600876919,0.07565224753357568,-0.4195052346525999,0.05960105782427645,0
9.352,14.250252065001481,22.18612145786448,0.8097967709745169,0.8044476685853532,0.032244619338592545,-0.018789826456313163,-0.5928500446597281,0.10505974716379424,-0.4168621218597566,0.05438179788800901,0
9.402000000000001,14.256263056198106,22.16543831386303,0.812119214565366,0.8035465371977846,0.030576167272542615,-0.021442725446665752,-0.5940692468709268,0.13421304046912996,-0.4107630317461652,0.039307020996009655,0
9.452,14.263655431823333,22.14507338122262,0.8138991319201104,0.803005606813462,0.027528213603644467,-0.021767686496007892,-0.5949372745983793,0.1607634258422112,-0.40447848437986494,0.03265307922663947,0
9.502,14.272444292845954,22.12499246226955,0.8153060766935241,0.802780266391924,0.023327660561822103,-0.019722416564960946,-0.5954919734381499,0.1895872006283696,-0.39814476414137995,0.021173474360128248,0
9.552,14.282651132821979,22.105141102705534,0.8158747915905014,0.8026850624816806,0.018051381503254527,-0.015412168562040324,-0.5959306194137194,0.21825534535210414,-0.39497043838193535,-0.00404100390564318,0
9.602,14.294200858264338,22.08573187223148,0.8136532187052967,0.8019913786647849,0.010713139405052221,-0.008764215132327518,-0.5971752219613262,0.23613801641947513,-0.3808421281420702,-0.09684243771693749,0
9.652000000000001,14.304734106200709,22.067462385283005,0.8088421268789326,0.7993803350666411,-0.00263287691875045,0.002220820939897828,-0.600815459040651,0.18934434776770684,-0.3200290785327266,-0.023624230686205217,0
9.702,14.31337938390796,22.05067710772851,0.8094972078322178,0.7976828528588527,-0.0081473832288482,0.008036018381115348,-0.6029685802842986,0.1502167133501527,-0.35959089619023726,0.03310598031739814,0
9.752,14.319835236313814,22.031715669761578,0.8114986760566282,0.7957493999703917,-0.015367575716162126,0.010697523710455521,-0.6053365122391303,0.11092116388999344,-0.3936660102428626,0.042249017401302776,0
9.802,14.324618501346986,22.011425031302366,0.8133587041444572,0.7939071137573741,-0.020175457637170952,0.01200262818329852,-0.6075856997586926,0.08320416417082444,-0.4163608676566263,0.030265404626030706,0
9.852,14.328290554714368,21.99020130763693,0.814521042490348,0.7915493057298918,-0.019821339034174226,0.01174983709916203,-0.6106707397981036,0.06586000838903,-0.4327651091507909,0.016672020722217455,0
9.902000000000001,14.331096890225451,21.968016299770152,0.8149112839838194,0.7885362571024276,-0.014177915438961346,0.010392688062996832,-0.6147369762618202,0.04544273928023831,-0.45422588045014106,-0.003332350551494093,0
9.952,14.332852603922525,21.944562051573783,0.8138555637007165,0.7853592583441261,-0.004787371243213332,0.008010805297150222,-0.6189699050908983,0.0250083327983557,-0.4820347842222109,-0.048328332415841425,0
10.002,14.333913302395057,21.920064816194447,0.8088700303708471,0.78404399929603,0.008471379383803096,0.0009376521322561991,-0.6206467301997995,0.028286750754487337,-0.4961156975945035,-0.1562040707533721,0
10.052,14.334812860452208,21.896772127355028,0.8047384077065727,0.7838537942877483,0.021480089100230724,-0.009432077359588759,-0.6205021118978008,0.01738399295733764,-0.42581376726517317,0.020313915446282103,0
10.102,14.336420343638586,21.875833771667363,0.8072469388218293,0.783827861005331,0.026561262826989927,-0.013714931232066248,-0.6202582400018092,0.04540487887375196,-0.42220665144497005,0.06374807181255056,0
10.152000000000001,14.339466030386603,21.854671162298658,0.8103297995702659,0.783819805042866,0.027198872464284558,-0.01805093484212409,-0.6201297431268397,0.07526214163323033,-0.42228793288992067,0.055429838695289176,0
10.202,14.343995029481038,21.833641243216164,0.8126294089826934,0.783902622946513,0.026132357889043487,-0.020672084804776687,-0.619989066450819,0.10531593641027276,-0.4191346205368235,0.037879604205082545,0
10.252,14.349988906773472,21.812789692693038,0.8143147848596557,0.7842498792633239,0.023805594540234856,-0.021024505242860668,-0.6196316572959631,0.13357828445947706,-0.4154657498418422,0.030608545227470384,0
10.302,14.35746207993929,21.79210395859824,0.815621230635204,0.7849151351986076,0.020352023397130506,-0.01904202747196949,-0.6189761117115526,0.16421132103127342,-0.41118297695816947,0.019323403902020163,0
10.352,14.366421737340156,21.771573827728496,0.8161050345231967,0.785664135436307,0.01583184278027818,-0.014789495822521556,-0.6182737984555196,0.19367533450903915,-0.4093046308059357,-0.00527961599359947,0
10.402000000000001,14.376788330244414,21.751419854438677,0.8139078907742625,0.7858141086490088,0.009271411931441932,-0.008120788928162589,-0.6183399391565654,0.2140971344574213,-0.39595992529894486,-0.09380528687650995,0
10.452,14.386367036476708,21.732381635858165,0.8088231271071792,0.7838048444511266,-0.0037638096643850677,0.0032100286662864693,-0.6209875161931332,0.17283818843267748,-0.3330427648639864,-0.03299948034264268,0
10.502,14.394189557055913,21.715151743224975,0.8092061802706652,0.7829896103906523,-0.008885448305327647,0.00926775333971521,-0.6219022652931419,0.13367440357376903,-0.36727695109523073,0.02943414772022019,0
10.552,14.39974381768182,21.695862114907364,0.8111039237078967,0.7818745042071655,-0.015862150649485547,0.012012311799291629,-0.623118252190391,0.09220419095224598,-0.3997774675681391,0.04191696826968776,0
10.602,14.403560534325056,21.675295573195893,0.8130005281854014,0.7808181800372334,-0.020744515928827114,0.01334935680313568,-0.6242711185495954,0.06368674256923057,-0.4212850983410419,0.03158452403664765,0
10.652000000000001,14.406233157322955,21.65386106349881,0.8142258923711148,0.779239456698868,-0.02068407541670743,0.013016584439408188,-0.6262496360696262,0.045617742179550475,-0.43605439989228134,0.018089572489126782,0
10.702,14.408022724590932,21.631579626694187,0.814677748599051,0.7769429718366531,-0.01534162817730955,0.011514093281238163,-0.6292786970924809,0.025308392498295695,-0.45465348842127606,-0.002159272587027363,0
10.752,14.408766323933706,21.608194414798493,0.8137173203297857,0.774444269279017,-0.0061009790749455076,0.009023524830504216,-0.63254836007601,0.004476306442797397,-0.4791688444850687,-0.045514535396996826,0
10.802,14.408811178326255,21.583891836720444,0.8089279250024054,0.7737503746447282,0.0069804260031536775,0.002047660739747166,-0.6334488444029658,0.007870676257967443,-0.49183818644335464,-0.1507750582846077,0
10.852,14.408844298989047,21.56068697507298,0.8048024595865946,0.7741409793023865,0.019768889644745293,-0.008514120023475853,-0.6326471725434187,0.0022404037678278245,-0.42534814162184215,0.017723766860278444,0
10.902000000000001,14.409714937539265,21.539768200080918,0.8071878578344696,0.7746078580689542,0.024682329478060743,-0.01295763443347835,-0.6318271508405228,0.031138026031170846,-0.42192667815755336,0.06188860569015737,0
10.952,14.412083407064575,21.51859521419568,0.8102311702351953,0.7751945388863429,0.025229191186499387,-0.017334681347961053,-0.6309805255437212,0.06237004746204916,-0.4230838432965601,0.05547490751334564,0
11.002,14.416004544550006,21.49749259306069,0.8125506942107259,0.7758259461277247,0.02416443975451432,-0.01995633635470134,-0.6301681726378051,0.09359304313589645,-0.4212611143194435,0.0383139389756668,0
11.052,14.421446839930134,21.476507524442283,0.8142500581244606,0.7767460249933937,0.021921951372477457,-0.020282704472489553,-0.6291054383839548,0.12325105645162857,-0.4186633142463737,0.030735106311425953,0
11.102,14.428446896663784,21.455642826783468,0.8155461749990685,0.778006940467568,0.018673599998308078,-0.01828166892534808,-0.6277119385742973,0.15554052573601443,-0.41503540832350977,0.018719232598702455,0
11.152000000000001,14.437004370177725,21.43491307747356,0.8159734412996976,0.7792677031143636,0.014415338317284247,-0.01397336173379101,-0.6263695315593817,0.18621699412727463,-0.41339923417765995,-0.0069249468382330485,0
11.202,14.44702957043342,21.41454325216994,0.8136708824592449,0.7797736939193329,0.008042260300469907,-0.007178088047127368,-0.6259686760315135,0.20762389222984257,-0.40064321061031827,-0.09612403585141807,0
11.252,14.456310412304232,21.395367829190658,0.8087240081521894,0.7781788376236453,-0.004591224318709089,0.004259367343644755,-0.6280115246743485,0.16649271610439623,-0.3352217446523617,-0.027290441882231883,0
11.302,14.463770857912568,21.378028126381558,0.8091822066416192,0.7776838694122303,-0.009709058532698513,0.01037077254733334,-0.6284950123232493,0.12648125770839871,-0.36851752360340656,0.02940372552254078,0
11.352,14.46899251001141,21.35870236984413,0.8110679086330953,0.7769180465564749,-0.01664015281328997,0.013037373285837903,-0.6292467569618677,0.08571588948607435,-0.3998237375209154,0.0416249387158838,0
11.402000000000001,14.472485671178989,21.338150643737613,0.812966157915708,0.77618928005395,-0.021454647202000396,0.014209684952683847,-0.6299745903576701,0.05725157506531053,-0.42081242941240454,0.03189308714666735,0
11.452,14.474826743970471,21.316739652173638,0.8142214473134769,0.7749430063345287,-0.02139562280013231,0.013659896833777557,-0.6315211567926188,0.038779115551406895,-0.43559361588647166,0.018966424196725156,0
11.502,14.476279693533868,21.294495997524695,0.8147231104882894,0.7729455579791943,-0.016105174063968813,0.011942670674548371,-0.6341554702009284,0.018710290874702308,-0.45349439882607934,-0.0011243465327690151,0
11.552,14.476700687304064,21.271194164579942,0.8138374270888742,0.7707317859355581,-0.006889825423515428,0.00928264293426172,-0.6370548461430728,-0.001667366866338161,-0.47706956622890834,-0.04311210340124299,0
11.602,14.476422283397762,21.24701068949082,0.8091706343357344,0.7702592585805579,0.006120355708552992,0.0023069612999001396,-0.6376973371016151,0.0010594400972266612,-0.4889425783904961,-0.14848836375379193,0
11.652000000000001,14.47614397900901,21.223921933818712,0.8048664966980184,0.7707545516695403,0.019097737595335153,-0.008373803661107635,-0.6367908423585181,-0.004770540921840475,-0.42323069724199597,0.018946533221884103,0
11.702,14.476708716007664,21.20309377620856,0.807365516168298,0.7714644096083192,0.024015496213593064,-0.012824645105331241,-0.6356897428205249,0.025461885395629463,-0.4202786265467999,0.063900590017417,0
11.752,14.478801480843112,21.18197029413312,0.8104855181359141,0.7723601153503388,0.024555006841020313,-0.01729062384430902,-0.6344745370636425,0.057084121660641446,-0.42233845673947984,0.056476946835801914,0
11.802,14.482454099390468,21.160893893610897,0.8128331155985408,0.7732663523981098,0.023518529777195832,-0.01998252401108498,-0.6333298711889308,0.08815241032099515,-0.4209572371261471,0.038557387871900606,0
11.852,14.487622203721816,21.139909512067213,0.8145287895233407,0.774447271025298,0.02130709220327295,-0.020324196053009877,-0.6319528141231023,0.11789648103696156,-0.4188712691143698,0.030454422853375324,0
11.902000000000001,14.494361874089178,21.119026234504908,0.8158073573781321,0.7759585206371767,0.018119307451028313,-0.01834219934334752,-0.6302567958152514,0.15049167438434857,-0.41552340010585087,0.01843928131453191,0
11.952,14.502673095365695,21.098270672532,0.8162356048925267,0.7774658861402198,0.013948434938687623,-0.014053515103720207,-0.6286133436097201,0.18138641912725958,-0.4140810229633953,-0.00645290938909596,0
12.002,14.512473241257062,21.077866558086328,0.8139863699572913,0.7782265871367822,0.0077284051516580245,-0.007303813231038942,-0.6278935460247498,0.2039703040014554,-0.4010261691984888,-0.09511609457723015,0
12.052,14.521616782914974,21.0586656555562,0.8087608407096415,0.7766848556591682,-0.004979841023334571,0.004150738700171861,-0.6298560212789289,0.1654461126094498,-0.33548976303729655,-0.03368689005310834,0
12.102,14.529026771557563,21.04137622010249,0.8090840029113645,0.7763414104025057,-0.009988882210350996,0.010241724855226104,-0.6301502549380007,0.1255668943267389,-0.36762079887188126,0.028047063892205522,0
12.152000000000001,14.53417464114524,21.02210586011359,0.8109329896169292,0.775665800046101,-0.01678018239511049,0.012941993811425804,-0.6307879968054365,0.08409838939754859,-0.39907525600327753,0.04174375197938369,0
12.202,14.537578795907098,21.00157531446124,0.812871292942447,0.7750552998332773,-0.02159337262867794,0.014166985385844856,-0.6313654290376899,0.055409642098229975,-0.4206669212203789,0.0331778171328927,0
12.252,14.53982649536878,20.980163599597937,0.8141959455185392,0.7739536660050444,-0.021636905310775806,0.013649829026382574,-0.6327252558365878,0.03687306622735713,-0.43564622277384174,0.02027449497166217,0
12.302,14.541193799815574,20.957929259808857,0.8147578400470472,0.7721021247145684,-0.016469349524154298,0.011959425358153974,-0.6351724503491969,0.017186358230352833,-0.45301363261841965,-7.87811270729355e-05,0
12.352,14.541545584492106,20.934670046410993,0.8139310220823319,0.7700355364975492,-0.007338055080808432,0.0093495822718213,-0.6378902811533543,-0.0029685583608925255,-0.47592325309381844,-0.04166506376240726,0
12.402000000000001,14.541191960390663,20.910555110339168,0.8093729188082239,0.7696680432373499,0.005582885994744077,0.002532937905254499,-0.6384148485340294,-0.000820751268373963,-0.4872880498914342,-0.1458258580556732,0
12.452,14.540858299227315,20.88749344266895,0.8050744309959722,0.7703602706942269,0.018551248865919325,-0.008127874671485059,-0.6372870955501586,-0.0055394135493832455,-0.42316729139029724,0.017085262744898445,0
12.502,14.541367445164973,20.866687865385597,0.8074605941096735,0.7712231518257813,0.023478058026779828,-0.012616718805035319,-0.6360066424855904,0.02426975365502718,-0.41976505599213376,0.06168225178181638,0
12.552,14.54341038257316,20.845590058669345,0.810501494811114,0.7723235477816253,0.02404262757658846,-0.017075241574343734,-0.634544502557855,0.0563573652823243,-0.42198116894122684,0.055528566858268215,0
12.602,14.547035846929093,20.824525307906764,0.8128232206393202,0.7734282757365892,0.02305020167344993,-0.01976040952562174,-0.6331563130138717,0.08774911475975404,-0.4208316492140979,0.03830343313512785,0
12.652000000000001,14.552189624913776,20.803540287472277,0.8145094207341765,0.7748206060511291,0.02088385673835908,-0.020089824213930272,-0.6315166600568395,0.11782611957047946,-0.41892400832970866,0.030262589609034815,0
12.702,14.55893884065071,20.782654263845824,0.8157765613565295,0.7765420772433773,0.017774138465659457,-0.018108536270838006,-0.6295542575397863,0.15091173240269778,-0.41553734637546097,0.018139147716639277,0
12.752,14.56728098604954,20.76190271848215,0.8161840981239917,0.7782148812918656,0.013699881491905055,-0.013815848818813644,-0.6276966099194833,0.18219294495424831,-0.4139085916735705,-0.00697369989148524,0
12.802,14.577128025636004,20.74151095320316,0.8139090940847389,0.7790693393367977,0.007542202166008848,-0.007048178136736676,-0.6268527760780567,0.2049280810666222,-0.4008569479209289,-0.09532597443500877,0
12.852,14.586320200413176,20.722305747401695,0.8086804469793532,0.7775597075548316,-0.0052121599476729384,0.00443578073751166,-0.6287718651666709,0.16611897174460613,-0.3354728443922576,-0.03351584157365547,0
12.902000000000001,14.593766796039976,20.705027656110037,0.809018045169641,0.7772739461653905,-0.01022911828010614,0.010540815308670749,-0.6289908337681257,0.1265271744086899,-0.3672594781439245,0.028211497461033082,0
12.952,14.598965343584533,20.685776461691187,0.8108805051444032,0.7766483208586977,-0.01701875287559688,0.013209575554092825,-0.6295659257548848,0.08516666681347378,-0.3986515075918843,0.04207526729698723,0
13.002,14.602425246832658,20.665270713043512,0.812837127953326,0.7760813560128441,-0.021848854352833215,0.014384119436868783,-0.6300900360430715,0.05659391114975383,-0.42009270388339076,0.03353378795123475,0
13.052,14.604735104930661,20.64389131061531,0.8141800559150232,0.7750275319087953,-0.02191458997306702,0.01381232873541508,-0.6313963059003251,0.038145373531434934,-0.43496124809828,0.020741991070971525,0
13.102,14.606166933285293,20.621692864983004,0.814764882901677,0.773241003164645,-0.016774253118667263,0.012081471683900646,-0.6337752073875995,0.018538851394342123,-0.45224357107119373,0.00037181881431778713,0
13.152000000000001,14.606590868186924,20.598475382669942,0.813967424334058,0.7712620254785738,-0.0076582948079780555,0.009459902978643386,-0.6364014054124608,-0.001449325736278977,-0.4750600806986886,-0.040866142949809704,0
13.202,14.606311224949527,20.574406235603785,0.8094513415253348,0.7709909035313214,0.005245320603210618,0.0027052295100117745,-0.6368188086237905,0.0005853834726215542,-0.48617993747837907,-0.14498128658063508,0
13.252,14.606058550866463,20.551383035706777,0.8051580242061556,0.7718346430155731,0.018251481712204524,-0.007924038644913431,-0.635511901436854,-0.0040647150710838836,-0.4225489071631089,0.016496480106822874,0
13.302,14.606634984695983,20.53061991326517,0.8075040305985759,0.7728831405643823,0.02320989543676344,-0.012420347531140224,-0.6340021188863303,0.025623760665553993,-0.4188603862711619,0.06082124755705229,0
13.352,14.60875258535933,20.509568187111523,0.8105152512485424,0.774204277147581,0.02379933375948097,-0.01688806935091417,-0.6322627002066419,0.057967012485532696,-0.42108981934506734,0.0552148363360413,0
13.402000000000001,14.612466152914449,20.488547694060426,0.8128313732598562,0.7755587332123933,0.02282891369864323,-0.01958572123218516,-0.6305583966304322,0.08960851839619896,-0.41995924814376034,0.03831984133404403,0
13.452,14.61771897948281,20.467604896004683,0.8145198350678752,0.7772326107754169,0.020683369346447898,-0.01992535976628049,-0.6285575924431196,0.11995916077197984,-0.4180514040579307,0.03028005078999416,0
13.502,14.624585137100839,20.446766828256752,0.8157845636754242,0.7792267097939508,0.01761396741733732,-0.017953666430114767,-0.6262372942880611,0.15343932740541066,-0.41446228681125385,0.01801575235691402,0
13.552,14.633063529348718,20.426077485473037,0.8161837376503497,0.7811171000300439,0.013597965791608223,-0.013667251234465381,-0.6240868349922779,0.1851156628699108,-0.4125087999954102,-0.007140428339632606,0
13.602,14.643063846725013,20.40577168108748,0.8139112947713515,0.782093664702952,0.0074952575088960294,-0.006891384597777052,-0.623077707484955,0.20798095321078652,-0.39870769618996577,-0.09478739149006334,0
13.652000000000001,14.652377095394938,20.38666750484254,0.8086355500992124,0.7805525666720021,-0.00533801004755503,0.004761997925235912,-0.6250492138113943,0.16685440496891576,-0.33183547415067904,-0.034770312888629064,0
13.702,14.659859796352157,20.36964687668514,0.809014489921157,0.7802950186440165,-0.010194051389731697,0.011102833689810717,-0.6252299515215616,0.12733277520347333,-0.36125100412092315,0.030081334351220686,0
13.752,14.665062309781817,20.350796436614925,0.8109887739527788,0.779766388854019,-0.01683444350803307,0.013927612671297364,-0.6256892215234456,0.08467433176132688,-0.38821306633553176,0.043966395061561414,0
13.802,14.668466755014107,20.33102721049829,0.8129881981087465,0.7793162618373055,-0.021440453354778816,0.015443695435039848,-0.626073448779917,0.05488932723331869,-0.4004765068153605,0.033236746916675684,0
13.852,14.670648616350338,20.310952221997866,0.8142613335529105,0.7784382963312545,-0.021104594360583574,0.015506457193845599,-0.627174588680906,0.034589718536634985,-0.4031954833751537,0.018520445382220523,0
13.902000000000001,14.671824205862068,20.29057781421611,0.8147747574539576,0.7771204647388466,-0.015583854109256369,0.014460664827870909,-0.6289926994392832,0.011967210734524435,-0.41213214429871975,0.0007505278222018151,0
13.952,14.67184980087889,20.269534033796432,0.8140704322917972,0.7757035631756911,-0.006177304616613007,0.012342421673968377,-0.6309465013861575,-0.010116812816630271,-0.42911439526628664,-0.03730395648486499,0
14.002,14.67112798675594,20.247818453763173,0.8097124172703525,0.7759705184516877,0.0068794503829926945,0.005826572717763773,-0.630704747648701,-0.008776236006816962,-0.4379943500199593,-0.14546752879584093,0
14.052,14.670407034627873,20.227418286865646,0.8053202568988318,0.7769801668540406,0.019760426602072192,-0.00405891331250165,-0.6292017729462406,-0.014191855066084214,-0.3650248337551965,0.013991323343832025,0
14.102,14.670508580030546,20.209782657489512,0.8075188647937782,0.7782123881179753,0.025111190522097853,-0.00775140719107816,-0.6274510520963674,0.016513266958905173,-0.3497352618046317,0.05707030936623014,0
14.152000000000001,14.672118065537788,20.192560665249108,0.8102783903784886,0.7797373918024553,0.02657266827633917,-0.011428098479555292,-0.6254381597655525,0.04632284633737092,-0.3376213620760839,0.04955019605895463,0
14.202,14.67515643409939,20.176106703626825,0.8123156623125181,0.7814170082052021,0.02637310473308603,-0.013338639709338284,-0.6233089116361751,0.07402658361497197,-0.32046856408819074,0.03287322269410679,0
14.252,14.679513887434888,20.160641954795256,0.8137734562817588,0.7834320636327442,0.024758324567754494,-0.012862080520737465,-0.6208508628659667,0.09981851944017,-0.2991463111708037,0.02711256204695975,0
14.302,14.684694986547823,20.147115922612446,0.8147707801683816,0.7878191214038242,0.022977998327555062,-0.007867719005394609,-0.6154276095049834,0.11053510513493547,-0.2443129318422359,0.00809264488710308,0
14.352,14.690841238844133,20.135579713681487,0.8149969630147877,0.7933407645156864,0.02066630550334364,0.00011924459514746116,-0.608426923266251,0.13640767034297424,-0.2191980807174483,-0.0010476419585250321,0
14.402000000000001,14.698518004123123,20.1252742422375,0.8137673349348987,0.7985579944588462,0.015443424192205547,0.009179158532512083,-0.6016497097013518,0.16695786390341552,-0.19423368618992576,-0.06223440463058459,0
14.452,14.706161958100298,20.116639418373122,0.8104439268676475,0.8029461920423989,0.005963944108539577,0.01935354387249133,-0.5957073815178535,0.11821067609849574,-0.12499128442752475,-0.01593688186094051,0
14.502,14.710258517659623,20.11114661056656,0.8106557431469551,0.8082625206737286,0.0007685884359368208,0.027124731061196755,-0.588196698316835,0.05546573579388154,-0.11901082895630995,0.02209733672543842,0
14.552,14.711884901836388,20.104815851998005,0.8123645125429622,0.8132150337059505,-0.005368195382405653,0.030263662437705317,-0.5811511009787589,0.011138871591431804,-0.13005172432125528,0.04105842525410128,0
14.602,14.711410690798639,20.09838792331575,0.8143433584470853,0.8185165163311904,-0.009247888704645784,0.031853062712148425,-0.5735246912238521,-0.02726002007349194,-0.1256354212032579,0.03486646794020859,0
14.652000000000001,14.709242440969627,20.09246411619977,0.8156947920245742,0.8235597613625932,-0.009102243762638485,0.03133718578344194,-0.5662900753236361,-0.05742326348511182,-0.11161329684528708,0.02013280180816454,0
14.702,14.705608925107677,20.0872461961633,0.8163717135876801,0.8280919938783676,-0.004296283821741295,0.028431809484047374,-0.559854288033357,-0.08778648723849317,-0.09725856024378554,0.00609495392865643,0
14.752,14.700507613967748,20.082476907150795,0.816184078134376,0.8323330600603306,0.004872413391850317,0.02291112278682737,-0.5537806579964593,-0.11286661014229983,-0.09580723883120393,-0.02000598173288136,0
14.802,14.694866037026843,20.077745103764283,0.8127480045316691,0.8368827150329188,0.0190834324059667,0.012023371560139998,-0.5469173451473835,-0.11466305853105646,-0.08531267221540198,-0.10105149955826728,0
14.852,14.689113668808249,20.073319713324825,0.8133058921613507,0.8387736913873786,0.026712138782819434,0.005207210157754115,-0.5437996333581061,-0.1010160490134503,-0.07914028418221315,0.05657822243596894,0
14.902000000000001,14.685415359402551,20.069752646227467,0.8160112347483112,0.8423626007097798,0.030903323654030136,0.002256357029890182,-0.5380196486798063,-0.05029470099867252,-0.06995748885197131,0.045414634369115185,0
14.952,14.68382667327593,20.066523861620514,0.8175230546945157,0.8461624269472972,0.03348522731847692,-0.00018318481906889824,-0.5318720271055921,-0.015985116702815504,-0.06023370125163759,0.018856943144068116,0
15.002,14.683785685390976,20.0638560338054,0.818152005552413,0.8501107712053375,0.03434505598077311,-0.0009134644050145124,-0.5254819306057295,0.01247104701996607,-0.04537998966919217,0.009097354916535766,0
15.052,14.685050894502817,20.06203771012038,0.8186624603321744,0.8541490065920951,0.033186442458135255,0.0005752528046421769,-0.5189680179538244,0.03715868034612732,-0.027666914618426283,0.012276588430001008,0
15.102,14.687554253979437,20.061207042525222,0.8193433418587919,0.8580809628106633,0.029677923993165198,0.003987954711479662,-0.5126405936975728,0.06118021686550792,-0.00497026918753541,0.012223216639020179,0
15.152000000000001,14.691297753136219,20.061416662647197,0.8198219031204909,0.8616904466579351,0.023455732598146456,0.00889040454307315,-0.5068139337605009,0.0874267898911393,0.013276897165538154,0.0024745230733317905,0
15.202,14.696080972039042,20.062627269946425,0.8185071063745316,0.8644676258747788,0.012923979908624017,0.015390994483862263,-0.502286583382977,0.09602949558496295,0.03328824126051978,-0.07080359927411743,0
15.252,14.70016352140831,20.06515586283242,0.8168066508186747,0.8670377101767178,0.002975949345889146,0.02214299550740759,-0.49774133905771195,0.05263085843426655,0.06622841293416339,0.006460868830791042,0
15.302,14.701542845033597,20.067181216560932,0.818153910112187,0.8692587858347461,-0.0018605791858890093,0.02661772184034642,-0.4936367068788818,0.008082368478951302,0.012764947921863647,0.04067394014758681,0
15.352,14.701066135406068,20.066882886546356,0.8199566213216543,0.8713517181793166,-0.007311289175656968,0.029131808237262607,-0.48973877325097714,-0.023855270981108092,-0.01892573406032225,0.028277678043791696,0
15.402000000000001,14.699226915100887,20.06547588730912,0.8208207768836163,0.8735416469648262,-0.010218489618464329,0.030475611102824273,-0.4856869471334454,-0.04811488922859626,-0.03532263612857921,0.007394044277780176,0
15.452,14.696215399410391,20.06348068699624,0.8207414496976443,0.8753824696409097,-0.009125467219979538,0.030134425842388537,-0.48240457509495954,-0.07098607294334294,-0.04473750591263511,-0.007654719727399651,0
15.502,14.692029568842578,20.0609263111581,0.8201672217124619,0.8768755056637145,-0.0038460706660477565,0.028220489624102098,-0.47987306579220756,-0.09655973091314397,-0.056779197377760396,-0.01569368793204081,0
15.552,14.68669187805321,20.057624708117423,0.8190285816703998,0.8783199737821172,0.005355326517347083,0.024411126770598444,-0.47741956497724514,-0.11343830753169526,-0.07571915588671704,-0.035578490669332705,0
15.602,14.68118911890216,20.053547169557486,0.8149822575105301,0.8803479039888661,0.019603769748993635,0.015407868630152192,-0.47367273273676386,-0.11123713223244971,-0.0756036007451974,-0.11719017320839112,0
15.652000000000001,14.675487366801338,20.049816979667042,0.8142186748584702,0.8806416278953949,0.027473681582553932,0.009083909093025568,-0.4728985119807837,-0.10299006547941143,-0.06007681801473695,0.04056702688443139,0
15.702,14.671649579465319,20.047411960642755,0.8164915684573748,0.882083914952362,0.031175845934990454,0.006006143499359099,-0.47002123340634006,-0.053624695946156146,-0.04357900735097564,0.04075275141544632,0
15.752,14.669859820169297,20.045545888948542,0.8179037776809769,0.8836539990949681,0.03324413808477702,0.0029144242290171877,-0.4669496153739541,-0.020196646888850405,-0.03181582219493086,0.01918893654229178,0
15.802,14.669573857686293,20.044311271919675,0.8186233420310861,0.8854697029248947,0.03348532186371295,0.00108551002385744,-0.4634878208645511,0.006482131960649191,-0.016723021410783686,0.0115347796296535,0
15.852,14.6704560938308,20.043920068869962,0.8192759801366836,0.8875033683939919,0.03151566883443453,0.0012992254217118087,-0.4597203995044591,0.02799290787712671,0.0005182938867413671,0.015323318796367629,0
15.902000000000001,14.672390781285747,20.044434304641854,0.8201016882636464,0.8895884108094592,0.026969780633342964,0.003314307562390327,-0.4559540609002963,0.04754645963801542,0.02053716882453232,0.01493786855913742,0
15.952,14.675356517318631,20.045850715717798,0.8207505630260706,0.8915035691935027,0.01953276340426979,0.006838730658929111,-0.4525407042819597,0.0700834807890939,0.03602561494129402,0.006813082234349117,0
16.002,14.679175554200492,20.048074836045128,0.8197199471411446,0.892853049086569,0.007744486018905469,0.012187536780184815,-0.450116562259545,0.07504481970186265,0.05055783763792321,-0.06406888128568386,0
16.052,14.682642127153192,20.051115643777823,0.8179234196320527,0.894245435146554,-0.0025242649684421815,0.017742450143551518,-0.44721799524261424,0.04725264535908409,0.0698017168151597,0.012135910416069212,0
16.102,14.683999595521197,20.053174152395844,0.8195518773515109,0.8949769366652403,-0.006478606090335109,0.021392678392597095,-0.4455520887748371,0.011697963558291925,0.014085750770285259,0.04056354722203302,0
16.152,14.683917529164587,20.053009382355157,0.8211177279135707,0.8957448545147971,-0.010805916553571602,0.023724640180279467,-0.4438034804122419,-0.012998355471421929,-0.016019617756866455,0.02132966816899187,0
16.202,14.682716294547745,20.051696022896515,0.8216649454244308,0.8966030945203861,-0.012800669615277848,0.025375313505956818,-0.44192208274575256,-0.034027357252265,-0.03444060328705144,0.00196337327234446,0
16.252,14.680459383520452,20.04963209307955,0.8214085658196008,0.8972434581160198,-0.011091411024458262,0.025987175111879757,-0.44063116571481625,-0.05525928779340979,-0.04869724722624095,-0.009603747877518453,0
16.302,14.67712247950003,20.04672279142138,0.8207943205064265,0.8976815513086691,-0.005633889126539335,0.025453112901590417,-0.43987297118257906,-0.07807393620593435,-0.06659266561399306,-0.01557263554702852,0
16.352,14.672773059170122,20.042811142513653,0.8196831615459524,0.8980749372051156,0.003428434659304306,0.023187656425005348,-0.4392174695857738,-0.09251450721039489,-0.08982525623934329,-0.0342999543322569,0
16.402,14.668352018703553,20.037949916220413,0.8157210207350922,0.8991945596989996,0.017494841943437665,0.015761514815826015,-0.4369149218827467,-0.0855325194209963,-0.09295429907084825,-0.1265781788020895,0
16.452,14.663473459478427,20.033556107261905,0.8144917301001333,0.8989477968568346,0.025648852617887567,0.01016426528565081,-0.4371860960698916,-0.09005469553532279,-0.0687471736233269,0.03408904448043412,0
16.502,14.660181636573276,20.030913526742903,0.8164747686217623,0.8996502717628678,0.029460047361645435,0.0073629133449710235,-0.43555399393591004,-0.04414448674922721,-0.04564834540575438,0.03546653784243339,0
16.552,14.658811433398434,20.029047703799574,0.8176983216103795,0.9003880073028211,0.03174852585921046,0.004288715402297419,-0.4339067576464099,-0.012575882182089809,-0.03030947350310729,0.017043728482311955,0
